    Checking ice-rust-forecaster-poc v0.1.0 (/home/jason/projects/ice/ice-rust-forecaster-poc)
warning: unused import: `crate::models::Cvx`
 --> src/rules/cholera/overrides.rs:1:5
  |
1 | use crate::models::Cvx;
  |     ^^^^^^^^^^^^^^^^^^
  |
  = note: `#[warn(unused_imports)]` (part of `#[warn(unused)]`) on by default

warning: unused import: `crate::models::Cvx`
 --> src/rules/hepa/overrides.rs:1:5
  |
1 | use crate::models::Cvx;
  |     ^^^^^^^^^^^^^^^^^^

warning: unused import: `crate::models::Cvx`
 --> src/rules/influenza/overrides.rs:1:5
  |
1 | use crate::models::Cvx;
  |     ^^^^^^^^^^^^^^^^^^

warning: unused import: `crate::models::Cvx`
 --> src/rules/polio/overrides.rs:1:5
  |
1 | use crate::models::Cvx;
  |     ^^^^^^^^^^^^^^^^^^

warning: unused import: `crate::models::SeriesStatus`
 --> src/rules/rotavirus/schedules.rs:2:5
  |
2 | use crate::models::SeriesStatus;
  |     ^^^^^^^^^^^^^^^^^^^^^^^^^^^

warning: unused import: `crate::models::Cvx`
 --> src/rules/rotavirus/overrides.rs:1:5
  |
1 | use crate::models::Cvx;
  |     ^^^^^^^^^^^^^^^^^^

warning: unused import: `crate::models::Cvx`
 --> src/rules/typhoid/overrides.rs:1:5
  |
1 | use crate::models::Cvx;
  |     ^^^^^^^^^^^^^^^^^^

warning: unused import: `crate::models::Cvx`
 --> src/rules/yellow_fever/overrides.rs:1:5
  |
1 | use crate::models::Cvx;
  |     ^^^^^^^^^^^^^^^^^^

warning: unused import: `crate::models::Cvx`
 --> src/rules/jev/overrides.rs:1:5
  |
1 | use crate::models::Cvx;
  |     ^^^^^^^^^^^^^^^^^^

warning: unused import: `crate::models::Cvx`
 --> src/rules/h1n1/overrides.rs:1:5
  |
1 | use crate::models::Cvx;
  |     ^^^^^^^^^^^^^^^^^^

warning: unused import: `crate::models::Cvx`
 --> src/rules/mpox/overrides.rs:1:5
  |
1 | use crate::models::Cvx;
  |     ^^^^^^^^^^^^^^^^^^

error[E0308]: mismatched types
  --> src/rules/dtp/overrides.rs:11:25
   |
11 |     !DT_TD_CVX.contains(&cvx)
   |                -------- ^^^^ expected `&&str`, found `&Cvx`
   |                |
   |                arguments to this method are incorrect
   |
   = note: expected reference `&&str`
              found reference `&Cvx`
note: method defined here
  --> /rustc/59807616e1fa2540724bfbac14d7976d7e4a3860/library/core/src/slice/mod.rs:2589:11

error[E0308]: mismatched types
  --> src/rules/dtp/overrides.rs:24:59
   |
24 |         .filter(|d| d.date < date && is_pertussis_vaccine(&d.cvx))
   |                                      -------------------- ^^^^^^ expected `Cvx`, found `&Cvx`
   |                                      |
   |                                      arguments to this function are incorrect
   |
note: function defined here
  --> src/rules/dtp/overrides.rs:8:8
   |
 8 | pub fn is_pertussis_vaccine(cvx: Cvx) -> bool {
   |        ^^^^^^^^^^^^^^^^^^^^ --------
help: consider removing the borrow
   |
24 -         .filter(|d| d.date < date && is_pertussis_vaccine(&d.cvx))
24 +         .filter(|d| d.date < date && is_pertussis_vaccine(d.cvx))
   |

error[E0308]: mismatched types
   --> src/rules/dtp/overrides.rs:176:116
    |
176 |                     *v_date >= age_4y_minus_4d && history.iter().any(|d| d.date == *v_date && is_pertussis_vaccine(&d.cvx))
    |                                                                                               -------------------- ^^^^^^ expected `Cvx`, found `&Cvx`
    |                                                                                               |
    |                                                                                               arguments to this function are incorrect
    |
note: function defined here
   --> src/rules/dtp/overrides.rs:8:8
    |
  8 | pub fn is_pertussis_vaccine(cvx: Cvx) -> bool {
    |        ^^^^^^^^^^^^^^^^^^^^ --------
help: consider removing the borrow
    |
176 -                     *v_date >= age_4y_minus_4d && history.iter().any(|d| d.date == *v_date && is_pertussis_vaccine(&d.cvx))
176 +                     *v_date >= age_4y_minus_4d && history.iter().any(|d| d.date == *v_date && is_pertussis_vaccine(d.cvx))
    |

error[E0308]: mismatched types
   --> src/rules/dtp/overrides.rs:180:106
    |
180 |                     *v_date < age_7y && history.iter().any(|d| d.date == *v_date && is_pertussis_vaccine(&d.cvx))
    |                                                                                     -------------------- ^^^^^^ expected `Cvx`, found `&Cvx`
    |                                                                                     |
    |                                                                                     arguments to this function are incorrect
    |
note: function defined here
   --> src/rules/dtp/overrides.rs:8:8
    |
  8 | pub fn is_pertussis_vaccine(cvx: Cvx) -> bool {
    |        ^^^^^^^^^^^^^^^^^^^^ --------
help: consider removing the borrow
    |
180 -                     *v_date < age_7y && history.iter().any(|d| d.date == *v_date && is_pertussis_vaccine(&d.cvx))
180 +                     *v_date < age_7y && history.iter().any(|d| d.date == *v_date && is_pertussis_vaccine(d.cvx))
    |

error[E0308]: mismatched types
   --> src/rules/dtp/overrides.rs:196:104
    |
196 |                 .filter(|(v_date, _)| history.iter().any(|d| d.date == *v_date && is_pertussis_vaccine(&d.cvx)))
    |                                                                                   -------------------- ^^^^^^ expected `Cvx`, found `&Cvx`
    |                                                                                   |
    |                                                                                   arguments to this function are incorrect
    |
note: function defined here
   --> src/rules/dtp/overrides.rs:8:8
    |
  8 | pub fn is_pertussis_vaccine(cvx: Cvx) -> bool {
    |        ^^^^^^^^^^^^^^^^^^^^ --------
help: consider removing the borrow
    |
196 -                 .filter(|(v_date, _)| history.iter().any(|d| d.date == *v_date && is_pertussis_vaccine(&d.cvx)))
196 +                 .filter(|(v_date, _)| history.iter().any(|d| d.date == *v_date && is_pertussis_vaccine(d.cvx)))
    |

error[E0308]: mismatched types
   --> src/rules/dtp/overrides.rs:216:46
    |
216 |             .filter(|d| ALLOWED_CVX.contains(&d.cvx.0))
    |                                     -------- ^^^^^^^^ expected `&&str`, found `&u16`
    |                                     |
    |                                     arguments to this method are incorrect
    |
    = note: expected reference `&&str`
               found reference `&u16`
note: method defined here
   --> /rustc/59807616e1fa2540724bfbac14d7976d7e4a3860/library/core/src/slice/mod.rs:2589:11

error[E0308]: mismatched types
   --> src/rules/dtp/overrides.rs:344:92
    |
344 |             ctx.history.iter().any(|h_dose| h_dose.date == *v_date && is_pertussis_vaccine(&h_dose.cvx))
    |                                                                       -------------------- ^^^^^^^^^^^ expected `Cvx`, found `&Cvx`
    |                                                                       |
    |                                                                       arguments to this function are incorrect
    |
note: function defined here
   --> src/rules/dtp/overrides.rs:8:8
    |
  8 | pub fn is_pertussis_vaccine(cvx: Cvx) -> bool {
    |        ^^^^^^^^^^^^^^^^^^^^ --------
help: consider removing the borrow
    |
344 -             ctx.history.iter().any(|h_dose| h_dose.date == *v_date && is_pertussis_vaccine(&h_dose.cvx))
344 +             ctx.history.iter().any(|h_dose| h_dose.date == *v_date && is_pertussis_vaccine(h_dose.cvx))
    |

error[E0308]: mismatched types
  --> src/rules/hep_b/overrides.rs:13:26
   |
13 |     matches!(dose.cvx.0, "08" | "8" | "42" | "45") && dose.date <= birth_date + chrono::Duration::days(1)
   |              ----------  ^^^^ expected `u16`, found `&str`
   |              |
   |              this expression has type `u16`

error[E0308]: mismatched types
  --> src/rules/hep_b/overrides.rs:13:33
   |
13 |     matches!(dose.cvx.0, "08" | "8" | "42" | "45") && dose.date <= birth_date + chrono::Duration::days(1)
   |              ----------         ^^^ expected `u16`, found `&str`
   |              |
   |              this expression has type `u16`

error[E0308]: mismatched types
  --> src/rules/hep_b/overrides.rs:13:39
   |
13 |     matches!(dose.cvx.0, "08" | "8" | "42" | "45") && dose.date <= birth_date + chrono::Duration::days(1)
   |              ----------               ^^^^ expected `u16`, found `&str`
   |              |
   |              this expression has type `u16`

error[E0308]: mismatched types
  --> src/rules/hep_b/overrides.rs:13:46
   |
13 |     matches!(dose.cvx.0, "08" | "8" | "42" | "45") && dose.date <= birth_date + chrono::Duration::days(1)
   |              ----------                      ^^^^ expected `u16`, found `&str`
   |              |
   |              this expression has type `u16`

error[E0308]: mismatched types
  --> src/rules/hep_b/overrides.rs:37:48
   |
37 |         .filter(|dose| is_combo_child_hepb_cvx(&dose.cvx))
   |                        ----------------------- ^^^^^^^^^ expected `Cvx`, found `&Cvx`
   |                        |
   |                        arguments to this function are incorrect
   |
note: function defined here
  --> src/rules/hep_b/overrides.rs:8:4
   |
 8 | fn is_combo_child_hepb_cvx(cvx: Cvx) -> bool {
   |    ^^^^^^^^^^^^^^^^^^^^^^^ --------
help: consider removing the borrow
   |
37 -         .filter(|dose| is_combo_child_hepb_cvx(&dose.cvx))
37 +         .filter(|dose| is_combo_child_hepb_cvx(dose.cvx))
   |

error[E0308]: mismatched types
  --> src/rules/hep_b/overrides.rs:43:52
   |
43 |             .filter(|dose| is_combo_child_hepb_cvx(&dose.cvx))
   |                            ----------------------- ^^^^^^^^^ expected `Cvx`, found `&Cvx`
   |                            |
   |                            arguments to this function are incorrect
   |
note: function defined here
  --> src/rules/hep_b/overrides.rs:8:4
   |
 8 | fn is_combo_child_hepb_cvx(cvx: Cvx) -> bool {
   |    ^^^^^^^^^^^^^^^^^^^^^^^ --------
help: consider removing the borrow
   |
43 -             .filter(|dose| is_combo_child_hepb_cvx(&dose.cvx))
43 +             .filter(|dose| is_combo_child_hepb_cvx(dose.cvx))
   |

error[E0609]: no field `0` on type `&u16`
   --> src/rules/hep_b/overrides.rs:264:81
    |
264 |     let all_comvax = !valid_cvxs.is_empty() && valid_cvxs.iter().all(|cvx| *cvx.0 == 51);
    |                                                                                 ^ unknown field

error[E0609]: no field `0` on type `&u16`
   --> src/rules/hep_b/overrides.rs:265:83
    |
265 |     let all_pediarix = !valid_cvxs.is_empty() && valid_cvxs.iter().all(|cvx| *cvx.0 == 110);
    |                                                                                   ^ unknown field

error[E0308]: mismatched types
   --> src/rules/hep_b/overrides.rs:278:62
    |
278 |         && history.iter().filter(|dose| matches!(dose.cvx.0, "08" | "8" | "42" | "45")).count() == 2
    |                                                  ----------  ^^^^ expected `u16`, found `&str`
    |                                                  |
    |                                                  this expression has type `u16`

error[E0308]: mismatched types
   --> src/rules/hep_b/overrides.rs:278:69
    |
278 |         && history.iter().filter(|dose| matches!(dose.cvx.0, "08" | "8" | "42" | "45")).count() == 2
    |                                                  ----------         ^^^ expected `u16`, found `&str`
    |                                                  |
    |                                                  this expression has type `u16`

error[E0308]: mismatched types
   --> src/rules/hep_b/overrides.rs:278:75
    |
278 |         && history.iter().filter(|dose| matches!(dose.cvx.0, "08" | "8" | "42" | "45")).count() == 2
    |                                                  ----------               ^^^^ expected `u16`, found `&str`
    |                                                  |
    |                                                  this expression has type `u16`

error[E0308]: mismatched types
   --> src/rules/hep_b/overrides.rs:278:82
    |
278 |         && history.iter().filter(|dose| matches!(dose.cvx.0, "08" | "8" | "42" | "45")).count() == 2
    |                                                  ----------                      ^^^^ expected `u16`, found `&str`
    |                                                  |
    |                                                  this expression has type `u16`

error[E0308]: mismatched types
   --> src/rules/hep_b/overrides.rs:463:102
    |
463 |         let dose1_cvx = ctx.history.iter().find(|d| d.date == dose1_date).map(|d| d.cvx.0).unwrap_or("");
    |                                                                                            --------- ^^ expected `u16`, found `&str`
    |                                                                                            |
    |                                                                                            arguments to this method are incorrect
    |
help: the return type of this call is `&'static str` due to the type of the argument passed
   --> src/rules/hep_b/overrides.rs:463:25
    |
463 |         let dose1_cvx = ctx.history.iter().find(|d| d.date == dose1_date).map(|d| d.cvx.0).unwrap_or("");
    |                         ^^^^^^^^^^^^^^^^^^^^^^^^^^^^^^^^^^^^^^^^^^^^^^^^^^^^^^^^^^^^^^^^^^^^^^^^^^^^^--^
    |                                                                                                      |
    |                                                                                                      this argument influences the return type of `unwrap_or`
note: method defined here
   --> /rustc/59807616e1fa2540724bfbac14d7976d7e4a3860/library/core/src/option.rs:1038:17

error[E0308]: mismatched types
   --> src/rules/hep_b/overrides.rs:464:102
    |
464 |         let dose2_cvx = ctx.history.iter().find(|d| d.date == dose2_date).map(|d| d.cvx.0).unwrap_or("");
    |                                                                                            --------- ^^ expected `u16`, found `&str`
    |                                                                                            |
    |                                                                                            arguments to this method are incorrect
    |
help: the return type of this call is `&'static str` due to the type of the argument passed
   --> src/rules/hep_b/overrides.rs:464:25
    |
464 |         let dose2_cvx = ctx.history.iter().find(|d| d.date == dose2_date).map(|d| d.cvx.0).unwrap_or("");
    |                         ^^^^^^^^^^^^^^^^^^^^^^^^^^^^^^^^^^^^^^^^^^^^^^^^^^^^^^^^^^^^^^^^^^^^^^^^^^^^^--^
    |                                                                                                      |
    |                                                                                                      this argument influences the return type of `unwrap_or`
note: method defined here
   --> /rustc/59807616e1fa2540724bfbac14d7976d7e4a3860/library/core/src/option.rs:1038:17

error[E0277]: can't compare `u16` with `&str`
   --> src/rules/hep_b/overrides.rs:466:22
    |
466 |         if dose1_cvx == "43" && dose2_cvx == "43" {
    |                      ^^ no implementation for `u16 == &str`
    |
    = help: the trait `PartialEq<&str>` is not implemented for `u16`
help: the following other types implement trait `PartialEq<Rhs>`
   --> /rustc/59807616e1fa2540724bfbac14d7976d7e4a3860/library/core/src/cmp.rs:1876:12
    |
    = note: `u16` implements `PartialEq`
   ::: /rustc/59807616e1fa2540724bfbac14d7976d7e4a3860/library/core/src/cmp.rs:1900:5
    |
    = note: in this macro invocation
    |
   ::: /home/jason/.local/share/mise/installs/rust/1.95.0/registry/src/index.crates.io-1949cf8c6b5b557f/serde_json-1.0.149/src/value/partial_eq.rs:76:13
    |
 76 |               impl PartialEq<Value> for $ty {
    |               ^^^^^^^^^^^^^^^^^^^^^^^^^^^^^ `u16` implements `PartialEq<Value>`
...
 97 | / partialeq_numeric! {
 98 | |     eq_i64[i8 i16 i32 i64 isize]
 99 | |     eq_u64[u8 u16 u32 u64 usize]
100 | |     eq_f32[f32]
101 | |     eq_f64[f64]
102 | |     eq_bool[bool]
103 | | }
    | |_- in this macro invocation
    = note: this error originates in the macro `partial_eq_impl` which comes from the expansion of the macro `partialeq_numeric` (in Nightly builds, run with -Z macro-backtrace for more info)

error[E0277]: can't compare `u16` with `&str`
   --> src/rules/hep_b/overrides.rs:466:43
    |
466 |         if dose1_cvx == "43" && dose2_cvx == "43" {
    |                                           ^^ no implementation for `u16 == &str`
    |
    = help: the trait `PartialEq<&str>` is not implemented for `u16`
help: the following other types implement trait `PartialEq<Rhs>`
   --> /rustc/59807616e1fa2540724bfbac14d7976d7e4a3860/library/core/src/cmp.rs:1876:12
    |
    = note: `u16` implements `PartialEq`
   ::: /rustc/59807616e1fa2540724bfbac14d7976d7e4a3860/library/core/src/cmp.rs:1900:5
    |
    = note: in this macro invocation
    |
   ::: /home/jason/.local/share/mise/installs/rust/1.95.0/registry/src/index.crates.io-1949cf8c6b5b557f/serde_json-1.0.149/src/value/partial_eq.rs:76:13
    |
 76 |               impl PartialEq<Value> for $ty {
    |               ^^^^^^^^^^^^^^^^^^^^^^^^^^^^^ `u16` implements `PartialEq<Value>`
...
 97 | / partialeq_numeric! {
 98 | |     eq_i64[i8 i16 i32 i64 isize]
 99 | |     eq_u64[u8 u16 u32 u64 usize]
100 | |     eq_f32[f32]
101 | |     eq_f64[f64]
102 | |     eq_bool[bool]
103 | | }
    | |_- in this macro invocation
    = note: this error originates in the macro `partial_eq_impl` which comes from the expansion of the macro `partialeq_numeric` (in Nightly builds, run with -Z macro-backtrace for more info)

error[E0308]: mismatched types
   --> src/rules/hep_b/overrides.rs:596:17
    |
595 |                 d.cvx.0,
    |                 ------- this expression has type `u16`
596 |                 "08" | "42" | "43" | "44" | "45" | "51" | "102" | "104" | "110" | "132" | "146" | "189" | "198" | "220"
    |                 ^^^^ expected `u16`, found `&str`

error[E0308]: mismatched types
   --> src/rules/hep_b/overrides.rs:596:24
    |
595 |                 d.cvx.0,
    |                 ------- this expression has type `u16`
596 |                 "08" | "42" | "43" | "44" | "45" | "51" | "102" | "104" | "110" | "132" | "146" | "189" | "198" | "220"
    |                        ^^^^ expected `u16`, found `&str`

error[E0308]: mismatched types
   --> src/rules/hep_b/overrides.rs:596:31
    |
595 |                 d.cvx.0,
    |                 ------- this expression has type `u16`
596 |                 "08" | "42" | "43" | "44" | "45" | "51" | "102" | "104" | "110" | "132" | "146" | "189" | "198" | "220"
    |                               ^^^^ expected `u16`, found `&str`

error[E0308]: mismatched types
   --> src/rules/hep_b/overrides.rs:596:38
    |
595 |                 d.cvx.0,
    |                 ------- this expression has type `u16`
596 |                 "08" | "42" | "43" | "44" | "45" | "51" | "102" | "104" | "110" | "132" | "146" | "189" | "198" | "220"
    |                                      ^^^^ expected `u16`, found `&str`

error[E0308]: mismatched types
   --> src/rules/hep_b/overrides.rs:596:45
    |
595 |                 d.cvx.0,
    |                 ------- this expression has type `u16`
596 |                 "08" | "42" | "43" | "44" | "45" | "51" | "102" | "104" | "110" | "132" | "146" | "189" | "198" | "220"
    |                                             ^^^^ expected `u16`, found `&str`

error[E0308]: mismatched types
   --> src/rules/hep_b/overrides.rs:596:52
    |
595 |                 d.cvx.0,
    |                 ------- this expression has type `u16`
596 |                 "08" | "42" | "43" | "44" | "45" | "51" | "102" | "104" | "110" | "132" | "146" | "189" | "198" | "220"
    |                                                    ^^^^ expected `u16`, found `&str`

error[E0308]: mismatched types
   --> src/rules/hep_b/overrides.rs:596:59
    |
595 |                 d.cvx.0,
    |                 ------- this expression has type `u16`
596 |                 "08" | "42" | "43" | "44" | "45" | "51" | "102" | "104" | "110" | "132" | "146" | "189" | "198" | "220"
    |                                                           ^^^^^ expected `u16`, found `&str`

error[E0308]: mismatched types
   --> src/rules/hep_b/overrides.rs:596:67
    |
595 |                 d.cvx.0,
    |                 ------- this expression has type `u16`
596 |                 "08" | "42" | "43" | "44" | "45" | "51" | "102" | "104" | "110" | "132" | "146" | "189" | "198" | "220"
    |                                                                   ^^^^^ expected `u16`, found `&str`

error[E0308]: mismatched types
   --> src/rules/hep_b/overrides.rs:596:75
    |
595 |                 d.cvx.0,
    |                 ------- this expression has type `u16`
596 |                 "08" | "42" | "43" | "44" | "45" | "51" | "102" | "104" | "110" | "132" | "146" | "189" | "198" | "220"
    |                                                                           ^^^^^ expected `u16`, found `&str`

error[E0308]: mismatched types
   --> src/rules/hep_b/overrides.rs:596:83
    |
595 |                 d.cvx.0,
    |                 ------- this expression has type `u16`
596 |                 "08" | "42" | "43" | "44" | "45" | "51" | "102" | "104" | "110" | "132" | "146" | "189" | "198" | "220"
    |                                                                                   ^^^^^ expected `u16`, found `&str`

error[E0308]: mismatched types
   --> src/rules/hep_b/overrides.rs:596:91
    |
595 |                 d.cvx.0,
    |                 ------- this expression has type `u16`
596 |                 "08" | "42" | "43" | "44" | "45" | "51" | "102" | "104" | "110" | "132" | "146" | "189" | "198" | "220"
    |                                                                                           ^^^^^ expected `u16`, found `&str`

error[E0308]: mismatched types
   --> src/rules/hep_b/overrides.rs:596:99
    |
595 |                 d.cvx.0,
    |                 ------- this expression has type `u16`
596 |                 "08" | "42" | "43" | "44" | "45" | "51" | "102" | "104" | "110" | "132" | "146" | "189" | "198" | "220"
    |                                                                                                   ^^^^^ expected `u16`, found `&str`

error[E0308]: mismatched types
   --> src/rules/hep_b/overrides.rs:596:107
    |
595 |                 d.cvx.0,
    |                 ------- this expression has type `u16`
596 |                 "08" | "42" | "43" | "44" | "45" | "51" | "102" | "104" | "110" | "132" | "146" | "189" | "198" | "220"
    |                                                                                                           ^^^^^ expected `u16`, found `&str`

error[E0308]: mismatched types
   --> src/rules/hep_b/overrides.rs:596:115
    |
595 |                 d.cvx.0,
    |                 ------- this expression has type `u16`
596 |                 "08" | "42" | "43" | "44" | "45" | "51" | "102" | "104" | "110" | "132" | "146" | "189" | "198" | "220"
    |                                                                                                                   ^^^^^ expected `u16`, found `&str`

error[E0308]: mismatched types
  --> src/rules/hib/overrides.rs:11:22
   |
11 |     HIB_CVX.contains(&cvx)
   |             -------- ^^^^ expected `&&str`, found `&Cvx`
   |             |
   |             arguments to this method are incorrect
   |
   = note: expected reference `&&str`
              found reference `&Cvx`
note: method defined here
  --> /rustc/59807616e1fa2540724bfbac14d7976d7e4a3860/library/core/src/slice/mod.rs:2589:11

error[E0308]: mismatched types
  --> src/rules/hib/overrides.rs:16:22
   |
16 |     OMP_CVX.contains(&cvx)
   |             -------- ^^^^ expected `&&str`, found `&Cvx`
   |             |
   |             arguments to this method are incorrect
   |
   = note: expected reference `&&str`
              found reference `&Cvx`
note: method defined here
  --> /rustc/59807616e1fa2540724bfbac14d7976d7e4a3860/library/core/src/slice/mod.rs:2589:11

error[E0308]: mismatched types
   --> src/rules/hib/overrides.rs:163:56
    |
163 |             let count_before_7m = ctx.count_cvx_before(hib_cvx, "7m");
    |                                       ---------------- ^^^^^^^ expected `&[u16]`, found `&[&str; 15]`
    |                                       |
    |                                       arguments to this method are incorrect
    |
    = note: expected reference `&[u16]`
               found reference `&[&str; 15]`
note: method defined here
   --> src/engine.rs:59:12
    |
 59 |     pub fn count_cvx_before(&self, cvx_list: &[u16], age_str: &str) -> usize {
    |            ^^^^^^^^^^^^^^^^        ----------------

error[E0308]: mismatched types
   --> src/rules/hib/overrides.rs:302:23
    |
302 |         if is_omp_cvx(&dose.cvx) {
    |            ---------- ^^^^^^^^^ expected `Cvx`, found `&Cvx`
    |            |
    |            arguments to this function are incorrect
    |
note: function defined here
   --> src/rules/hib/overrides.rs:14:8
    |
 14 | pub fn is_omp_cvx(cvx: Cvx) -> bool {
    |        ^^^^^^^^^^ --------
help: consider removing the borrow
    |
302 -         if is_omp_cvx(&dose.cvx) {
302 +         if is_omp_cvx(dose.cvx) {
    |

error[E0308]: mismatched types
   --> src/rules/hib/overrides.rs:314:35
    |
314 |                     if is_omp_cvx(&fd.cvx) && compare_elapsed(birth, fd.date, &tp_7m) == std::cmp::Ordering::Less {
    |                        ---------- ^^^^^^^ expected `Cvx`, found `&Cvx`
    |                        |
    |                        arguments to this function are incorrect
    |
note: function defined here
   --> src/rules/hib/overrides.rs:14:8
    |
 14 | pub fn is_omp_cvx(cvx: Cvx) -> bool {
    |        ^^^^^^^^^^ --------
help: consider removing the borrow
    |
314 -                     if is_omp_cvx(&fd.cvx) && compare_elapsed(birth, fd.date, &tp_7m) == std::cmp::Ordering::Less {
314 +                     if is_omp_cvx(fd.cvx) && compare_elapsed(birth, fd.date, &tp_7m) == std::cmp::Ordering::Less {
    |

error[E0308]: mismatched types
   --> src/rules/hib/overrides.rs:337:65
    |
337 |         .filter(|e| e.status == DoseStatus::Valid && is_omp_cvx(&e.cvx))
    |                                                      ---------- ^^^^^^ expected `Cvx`, found `&Cvx`
    |                                                      |
    |                                                      arguments to this function are incorrect
    |
note: function defined here
   --> src/rules/hib/overrides.rs:14:8
    |
 14 | pub fn is_omp_cvx(cvx: Cvx) -> bool {
    |        ^^^^^^^^^^ --------
help: consider removing the borrow
    |
337 -         .filter(|e| e.status == DoseStatus::Valid && is_omp_cvx(&e.cvx))
337 +         .filter(|e| e.status == DoseStatus::Valid && is_omp_cvx(e.cvx))
    |

error[E0308]: mismatched types
  --> src/rules/hpv/overrides.rs:85:65
   |
85 |     let has_hpv_history = _history.iter().any(|dose| is_hpv_cvx(&dose.cvx));
   |                                                      ---------- ^^^^^^^^^ expected `Cvx`, found `&Cvx`
   |                                                      |
   |                                                      arguments to this function are incorrect
   |
note: function defined here
  --> src/rules/hpv/overrides.rs:8:4
   |
 8 | fn is_hpv_cvx(cvx: Cvx) -> bool {
   |    ^^^^^^^^^^ --------
help: consider removing the borrow
   |
85 -     let has_hpv_history = _history.iter().any(|dose| is_hpv_cvx(&dose.cvx));
85 +     let has_hpv_history = _history.iter().any(|dose| is_hpv_cvx(dose.cvx));
   |

error[E0308]: mismatched types
   --> src/rules/hpv/overrides.rs:113:35
    |
113 |         .filter(|dose| is_hpv_cvx(&dose.cvx))
    |                        ---------- ^^^^^^^^^ expected `Cvx`, found `&Cvx`
    |                        |
    |                        arguments to this function are incorrect
    |
note: function defined here
   --> src/rules/hpv/overrides.rs:8:4
    |
  8 | fn is_hpv_cvx(cvx: Cvx) -> bool {
    |    ^^^^^^^^^^ --------
help: consider removing the borrow
    |
113 -         .filter(|dose| is_hpv_cvx(&dose.cvx))
113 +         .filter(|dose| is_hpv_cvx(dose.cvx))
    |

error[E0308]: mismatched types
   --> src/rules/influenza/overrides.rs:112:29
    |
112 |     if matches!(dose.cvx.0, "194" | "200" | "201" | "202" | "231" | "331") {
    |                 ----------  ^^^^^ expected `u16`, found `&str`
    |                 |
    |                 this expression has type `u16`

error[E0308]: mismatched types
   --> src/rules/influenza/overrides.rs:112:37
    |
112 |     if matches!(dose.cvx.0, "194" | "200" | "201" | "202" | "231" | "331") {
    |                 ----------          ^^^^^ expected `u16`, found `&str`
    |                 |
    |                 this expression has type `u16`

error[E0308]: mismatched types
   --> src/rules/influenza/overrides.rs:112:45
    |
112 |     if matches!(dose.cvx.0, "194" | "200" | "201" | "202" | "231" | "331") {
    |                 ----------                  ^^^^^ expected `u16`, found `&str`
    |                 |
    |                 this expression has type `u16`

error[E0308]: mismatched types
   --> src/rules/influenza/overrides.rs:112:53
    |
112 |     if matches!(dose.cvx.0, "194" | "200" | "201" | "202" | "231" | "331") {
    |                 ----------                          ^^^^^ expected `u16`, found `&str`
    |                 |
    |                 this expression has type `u16`

error[E0308]: mismatched types
   --> src/rules/influenza/overrides.rs:112:61
    |
112 |     if matches!(dose.cvx.0, "194" | "200" | "201" | "202" | "231" | "331") {
    |                 ---------- this expression has type `u16`   ^^^^^ expected `u16`, found `&str`

error[E0308]: mismatched types
   --> src/rules/influenza/overrides.rs:112:69
    |
112 |     if matches!(dose.cvx.0, "194" | "200" | "201" | "202" | "231" | "331") {
    |                 ---------- this expression has type `u16`           ^^^^^ expected `u16`, found `&str`

error[E0308]: mismatched types
   --> src/rules/influenza/overrides.rs:197:46
    |
197 |         .filter(|d| !disallowed_cvx.contains(&d.cvx.0))
    |                                     -------- ^^^^^^^^ expected `&&str`, found `&u16`
    |                                     |
    |                                     arguments to this method are incorrect
    |
    = note: expected reference `&&str`
               found reference `&u16`
note: method defined here
   --> /rustc/59807616e1fa2540724bfbac14d7976d7e4a3860/library/core/src/slice/mod.rs:2589:11

error[E0308]: mismatched types
   --> src/rules/influenza/overrides.rs:241:27
    |
241 |         matches!(d.cvx.0, "125" | "126" | "127" | "128") &&
    |                  -------  ^^^^^ expected `u16`, found `&str`
    |                  |
    |                  this expression has type `u16`

error[E0308]: mismatched types
   --> src/rules/influenza/overrides.rs:241:35
    |
241 |         matches!(d.cvx.0, "125" | "126" | "127" | "128") &&
    |                  -------          ^^^^^ expected `u16`, found `&str`
    |                  |
    |                  this expression has type `u16`

error[E0308]: mismatched types
   --> src/rules/influenza/overrides.rs:241:43
    |
241 |         matches!(d.cvx.0, "125" | "126" | "127" | "128") &&
    |                  -------                  ^^^^^ expected `u16`, found `&str`
    |                  |
    |                  this expression has type `u16`

error[E0308]: mismatched types
   --> src/rules/influenza/overrides.rs:241:51
    |
241 |         matches!(d.cvx.0, "125" | "126" | "127" | "128") &&
    |                  -------                          ^^^^^ expected `u16`, found `&str`
    |                  |
    |                  this expression has type `u16`

error[E0308]: mismatched types
   --> src/rules/influenza/overrides.rs:253:46
    |
253 |         .filter(|d| !disallowed_cvx.contains(&d.cvx.0))
    |                                     -------- ^^^^^^^^ expected `&&str`, found `&u16`
    |                                     |
    |                                     arguments to this method are incorrect
    |
    = note: expected reference `&&str`
               found reference `&u16`
note: method defined here
   --> /rustc/59807616e1fa2540724bfbac14d7976d7e4a3860/library/core/src/slice/mod.rs:2589:11

error[E0308]: mismatched types
   --> src/rules/influenza/overrides.rs:268:46
    |
268 |         .filter(|d| !disallowed_cvx.contains(&d.cvx.0))
    |                                     -------- ^^^^^^^^ expected `&&str`, found `&u16`
    |                                     |
    |                                     arguments to this method are incorrect
    |
    = note: expected reference `&&str`
               found reference `&u16`
note: method defined here
   --> /rustc/59807616e1fa2540724bfbac14d7976d7e4a3860/library/core/src/slice/mod.rs:2589:11

error[E0308]: mismatched types
   --> src/rules/influenza/overrides.rs:331:41
    |
331 |                 if matches!(dose.cvx.0, "194" | "200" | "201" | "202" | "231" | "331") {
    |                             ----------  ^^^^^ expected `u16`, found `&str`
    |                             |
    |                             this expression has type `u16`

error[E0308]: mismatched types
   --> src/rules/influenza/overrides.rs:331:49
    |
331 |                 if matches!(dose.cvx.0, "194" | "200" | "201" | "202" | "231" | "331") {
    |                             ----------          ^^^^^ expected `u16`, found `&str`
    |                             |
    |                             this expression has type `u16`

error[E0308]: mismatched types
   --> src/rules/influenza/overrides.rs:331:57
    |
331 |                 if matches!(dose.cvx.0, "194" | "200" | "201" | "202" | "231" | "331") {
    |                             ----------                  ^^^^^ expected `u16`, found `&str`
    |                             |
    |                             this expression has type `u16`

error[E0308]: mismatched types
   --> src/rules/influenza/overrides.rs:331:65
    |
331 |                 if matches!(dose.cvx.0, "194" | "200" | "201" | "202" | "231" | "331") {
    |                             ----------                          ^^^^^ expected `u16`, found `&str`
    |                             |
    |                             this expression has type `u16`

error[E0308]: mismatched types
   --> src/rules/influenza/overrides.rs:331:73
    |
331 |                 if matches!(dose.cvx.0, "194" | "200" | "201" | "202" | "231" | "331") {
    |                             ---------- this expression has type `u16`   ^^^^^ expected `u16`, found `&str`

error[E0308]: mismatched types
   --> src/rules/influenza/overrides.rs:331:81
    |
331 |                 if matches!(dose.cvx.0, "194" | "200" | "201" | "202" | "231" | "331") {
    |                             ---------- this expression has type `u16`           ^^^^^ expected `u16`, found `&str`

error[E0308]: mismatched types
   --> src/rules/influenza/overrides.rs:342:42
    |
342 |                 if !ALLOWED_CVX.contains(&dose.cvx.0) {
    |                                 -------- ^^^^^^^^^^^ expected `&&str`, found `&u16`
    |                                 |
    |                                 arguments to this method are incorrect
    |
    = note: expected reference `&&str`
               found reference `&u16`
note: method defined here
   --> /rustc/59807616e1fa2540724bfbac14d7976d7e4a3860/library/core/src/slice/mod.rs:2589:11

error[E0308]: mismatched types
 --> src/rules/mcv/overrides.rs:9:9
  |
8 |     let s = match cvx {
  |                   --- this expression has type `Cvx`
9 |         "114" | "147" => "9m-4d",
  |         ^^^^^ expected `Cvx`, found `&str`

error[E0308]: mismatched types
 --> src/rules/mcv/overrides.rs:9:17
  |
8 |     let s = match cvx {
  |                   --- this expression has type `Cvx`
9 |         "114" | "147" => "9m-4d",
  |                 ^^^^^ expected `Cvx`, found `&str`

error[E0308]: mismatched types
  --> src/rules/mcv/overrides.rs:10:9
   |
 8 |     let s = match cvx {
   |                   --- this expression has type `Cvx`
 9 |         "114" | "147" => "9m-4d",
10 |         "136" => "2m-4d",
   |         ^^^^^ expected `Cvx`, found `&str`

error[E0308]: mismatched types
  --> src/rules/mcv/overrides.rs:11:9
   |
 8 |     let s = match cvx {
   |                   --- this expression has type `Cvx`
...
11 |         "203" | "108" | "32" => "2y-4d",
   |         ^^^^^ expected `Cvx`, found `&str`

error[E0308]: mismatched types
  --> src/rules/mcv/overrides.rs:11:17
   |
 8 |     let s = match cvx {
   |                   --- this expression has type `Cvx`
...
11 |         "203" | "108" | "32" => "2y-4d",
   |                 ^^^^^ expected `Cvx`, found `&str`

error[E0308]: mismatched types
  --> src/rules/mcv/overrides.rs:11:25
   |
 8 |     let s = match cvx {
   |                   --- this expression has type `Cvx`
...
11 |         "203" | "108" | "32" => "2y-4d",
   |                         ^^^^ expected `Cvx`, found `&str`

error[E0308]: mismatched types
  --> src/rules/mcv/overrides.rs:49:63
   |
49 |                 if let Some(min_age_tp) = get_vaccine_min_age(&dose.cvx) {
   |                                           ------------------- ^^^^^^^^^ expected `Cvx`, found `&Cvx`
   |                                           |
   |                                           arguments to this function are incorrect
   |
note: function defined here
  --> src/rules/mcv/overrides.rs:7:4
   |
 7 | fn get_vaccine_min_age(cvx: Cvx) -> Option<TimePeriod> {
   |    ^^^^^^^^^^^^^^^^^^^ --------
help: consider removing the borrow
   |
49 -                 if let Some(min_age_tp) = get_vaccine_min_age(&dose.cvx) {
49 +                 if let Some(min_age_tp) = get_vaccine_min_age(dose.cvx) {
   |

error[E0308]: mismatched types
  --> src/rules/menb/overrides.rs:92:30
   |
92 |         .filter(|dose| is_4c(&dose.cvx) || is_fhbp(&dose.cvx))
   |                        ----- ^^^^^^^^^ expected `Cvx`, found `&Cvx`
   |                        |
   |                        arguments to this function are incorrect
   |
note: function defined here
  --> src/rules/menb/overrides.rs:21:4
   |
21 | fn is_4c(cvx: Cvx) -> bool {
   |    ^^^^^ --------
help: consider removing the borrow
   |
92 -         .filter(|dose| is_4c(&dose.cvx) || is_fhbp(&dose.cvx))
92 +         .filter(|dose| is_4c(dose.cvx) || is_fhbp(&dose.cvx))
   |

error[E0308]: mismatched types
  --> src/rules/menb/overrides.rs:92:52
   |
92 |         .filter(|dose| is_4c(&dose.cvx) || is_fhbp(&dose.cvx))
   |                                            ------- ^^^^^^^^^ expected `Cvx`, found `&Cvx`
   |                                            |
   |                                            arguments to this function are incorrect
   |
note: function defined here
  --> src/rules/menb/overrides.rs:25:4
   |
25 | fn is_fhbp(cvx: Cvx) -> bool {
   |    ^^^^^^^ --------
help: consider removing the borrow
   |
92 -         .filter(|dose| is_4c(&dose.cvx) || is_fhbp(&dose.cvx))
92 +         .filter(|dose| is_4c(&dose.cvx) || is_fhbp(dose.cvx))
   |

error[E0308]: mismatched types
  --> src/rules/menb/overrides.rs:94:30
   |
94 |         .map(|dose| if is_4c(&dose.cvx) { "4C" } else { "FHBP" })
   |                        ----- ^^^^^^^^^ expected `Cvx`, found `&Cvx`
   |                        |
   |                        arguments to this function are incorrect
   |
note: function defined here
  --> src/rules/menb/overrides.rs:21:4
   |
21 | fn is_4c(cvx: Cvx) -> bool {
   |    ^^^^^ --------
help: consider removing the borrow
   |
94 -         .map(|dose| if is_4c(&dose.cvx) { "4C" } else { "FHBP" })
94 +         .map(|dose| if is_4c(dose.cvx) { "4C" } else { "FHBP" })
   |

error[E0308]: mismatched types
   --> src/rules/menb/overrides.rs:100:24
    |
100 |             && ((is_4c(&dose.cvx) && is_fhbp(&other.cvx))
    |                  ----- ^^^^^^^^^ expected `Cvx`, found `&Cvx`
    |                  |
    |                  arguments to this function are incorrect
    |
note: function defined here
   --> src/rules/menb/overrides.rs:21:4
    |
 21 | fn is_4c(cvx: Cvx) -> bool {
    |    ^^^^^ --------
help: consider removing the borrow
    |
100 -             && ((is_4c(&dose.cvx) && is_fhbp(&other.cvx))
100 +             && ((is_4c(dose.cvx) && is_fhbp(&other.cvx))
    |

error[E0308]: mismatched types
   --> src/rules/menb/overrides.rs:100:46
    |
100 |             && ((is_4c(&dose.cvx) && is_fhbp(&other.cvx))
    |                                      ------- ^^^^^^^^^^ expected `Cvx`, found `&Cvx`
    |                                      |
    |                                      arguments to this function are incorrect
    |
note: function defined here
   --> src/rules/menb/overrides.rs:25:4
    |
 25 | fn is_fhbp(cvx: Cvx) -> bool {
    |    ^^^^^^^ --------
help: consider removing the borrow
    |
100 -             && ((is_4c(&dose.cvx) && is_fhbp(&other.cvx))
100 +             && ((is_4c(&dose.cvx) && is_fhbp(other.cvx))
    |

error[E0308]: mismatched types
   --> src/rules/menb/overrides.rs:101:29
    |
101 |                 || (is_fhbp(&dose.cvx) && is_4c(&other.cvx)))
    |                     ------- ^^^^^^^^^ expected `Cvx`, found `&Cvx`
    |                     |
    |                     arguments to this function are incorrect
    |
note: function defined here
   --> src/rules/menb/overrides.rs:25:4
    |
 25 | fn is_fhbp(cvx: Cvx) -> bool {
    |    ^^^^^^^ --------
help: consider removing the borrow
    |
101 -                 || (is_fhbp(&dose.cvx) && is_4c(&other.cvx)))
101 +                 || (is_fhbp(dose.cvx) && is_4c(&other.cvx)))
    |

error[E0308]: mismatched types
   --> src/rules/menb/overrides.rs:101:49
    |
101 |                 || (is_fhbp(&dose.cvx) && is_4c(&other.cvx)))
    |                                           ----- ^^^^^^^^^^ expected `Cvx`, found `&Cvx`
    |                                           |
    |                                           arguments to this function are incorrect
    |
note: function defined here
   --> src/rules/menb/overrides.rs:21:4
    |
 21 | fn is_4c(cvx: Cvx) -> bool {
    |    ^^^^^ --------
help: consider removing the borrow
    |
101 -                 || (is_fhbp(&dose.cvx) && is_4c(&other.cvx)))
101 +                 || (is_fhbp(&dose.cvx) && is_4c(other.cvx)))
    |

error[E0308]: mismatched types
   --> src/rules/menb/overrides.rs:117:29
    |
117 |     if matches!(dose.cvx.0, "162" | "163")
    |                 ----------  ^^^^^ expected `u16`, found `&str`
    |                 |
    |                 this expression has type `u16`

error[E0308]: mismatched types
   --> src/rules/menb/overrides.rs:117:37
    |
117 |     if matches!(dose.cvx.0, "162" | "163")
    |                 ----------          ^^^^^ expected `u16`, found `&str`
    |                 |
    |                 this expression has type `u16`

error[E0308]: mismatched types
   --> src/rules/menb/overrides.rs:133:40
    |
133 |     if is_opposite_family(series_name, &dose.cvx) {
    |        ------------------              ^^^^^^^^^ expected `Cvx`, found `&Cvx`
    |        |
    |        arguments to this function are incorrect
    |
note: function defined here
   --> src/rules/menb/overrides.rs:37:4
    |
 37 | fn is_opposite_family(series_name: &str, cvx: Cvx) -> bool {
    |    ^^^^^^^^^^^^^^^^^^                    --------
help: consider removing the borrow
    |
133 -     if is_opposite_family(series_name, &dose.cvx) {
133 +     if is_opposite_family(series_name, dose.cvx) {
    |

error[E0308]: mismatched types
   --> src/rules/menb/overrides.rs:148:82
    |
148 |     if series_name == "MEN_B_4_C_2_DOSE_SERIES" && target_dose_idx == 2 && is_4c(&dose.cvx) {
    |                                                                            ----- ^^^^^^^^^ expected `Cvx`, found `&Cvx`
    |                                                                            |
    |                                                                            arguments to this function are incorrect
    |
note: function defined here
   --> src/rules/menb/overrides.rs:21:4
    |
 21 | fn is_4c(cvx: Cvx) -> bool {
    |    ^^^^^ --------
help: consider removing the borrow
    |
148 -     if series_name == "MEN_B_4_C_2_DOSE_SERIES" && target_dose_idx == 2 && is_4c(&dose.cvx) {
148 +     if series_name == "MEN_B_4_C_2_DOSE_SERIES" && target_dose_idx == 2 && is_4c(dose.cvx) {
    |

error[E0308]: mismatched types
   --> src/rules/menb/overrides.rs:229:42
    |
229 |                     .filter(|dose| is_4c(&dose.cvx))
    |                                    ----- ^^^^^^^^^ expected `Cvx`, found `&Cvx`
    |                                    |
    |                                    arguments to this function are incorrect
    |
note: function defined here
   --> src/rules/menb/overrides.rs:21:4
    |
 21 | fn is_4c(cvx: Cvx) -> bool {
    |    ^^^^^ --------
help: consider removing the borrow
    |
229 -                     .filter(|dose| is_4c(&dose.cvx))
229 +                     .filter(|dose| is_4c(dose.cvx))
    |

error[E0308]: mismatched types
   --> src/rules/menb/overrides.rs:257:14
    |
257 |     if is_4c(&dose.cvx) && current_series_name.starts_with("MEN_BF_HBP") {
    |        ----- ^^^^^^^^^ expected `Cvx`, found `&Cvx`
    |        |
    |        arguments to this function are incorrect
    |
note: function defined here
   --> src/rules/menb/overrides.rs:21:4
    |
 21 | fn is_4c(cvx: Cvx) -> bool {
    |    ^^^^^ --------
help: consider removing the borrow
    |
257 -     if is_4c(&dose.cvx) && current_series_name.starts_with("MEN_BF_HBP") {
257 +     if is_4c(dose.cvx) && current_series_name.starts_with("MEN_BF_HBP") {
    |

error[E0308]: mismatched types
   --> src/rules/menb/overrides.rs:260:16
    |
260 |     if is_fhbp(&dose.cvx) && current_series_name.starts_with("MEN_B_4_C") {
    |        ------- ^^^^^^^^^ expected `Cvx`, found `&Cvx`
    |        |
    |        arguments to this function are incorrect
    |
note: function defined here
   --> src/rules/menb/overrides.rs:25:4
    |
 25 | fn is_fhbp(cvx: Cvx) -> bool {
    |    ^^^^^^^ --------
help: consider removing the borrow
    |
260 -     if is_fhbp(&dose.cvx) && current_series_name.starts_with("MEN_B_4_C") {
260 +     if is_fhbp(dose.cvx) && current_series_name.starts_with("MEN_B_4_C") {
    |

error[E0308]: mismatched types
  --> src/rules/mmr/overrides.rs:11:25
   |
11 |     LIVE_VIRUS.contains(&cvx)
   |                -------- ^^^^ expected `&&str`, found `&Cvx`
   |                |
   |                arguments to this method are incorrect
   |
   = note: expected reference `&&str`
              found reference `&Cvx`
note: method defined here
  --> /rustc/59807616e1fa2540724bfbac14d7976d7e4a3860/library/core/src/slice/mod.rs:2589:11

error[E0308]: mismatched types
  --> src/rules/mmr/overrides.rs:16:22
   |
16 |     MMR_CVX.contains(&cvx)
   |             -------- ^^^^ expected `&&str`, found `&Cvx`
   |             |
   |             arguments to this method are incorrect
   |
   = note: expected reference `&&str`
              found reference `&Cvx`
note: method defined here
  --> /rustc/59807616e1fa2540724bfbac14d7976d7e4a3860/library/core/src/slice/mod.rs:2589:11

error[E0308]: mismatched types
  --> src/rules/mmr/overrides.rs:22:60
   |
22 |         .any(|dose| dose.date == eval_date && is_mmr_group(&dose.cvx));
   |                                               ------------ ^^^^^^^^^ expected `Cvx`, found `&Cvx`
   |                                               |
   |                                               arguments to this function are incorrect
   |
note: function defined here
  --> src/rules/mmr/overrides.rs:14:4
   |
14 | fn is_mmr_group(cvx: Cvx) -> bool {
   |    ^^^^^^^^^^^^ --------
help: consider removing the borrow
   |
22 -         .any(|dose| dose.date == eval_date && is_mmr_group(&dose.cvx));
22 +         .any(|dose| dose.date == eval_date && is_mmr_group(dose.cvx));
   |

error[E0308]: mismatched types
  --> src/rules/mmr/overrides.rs:25:61
   |
25 |         .any(|dose| dose.date == eval_date && is_live_virus(&dose.cvx) && !is_mmr_group(&dose.cvx));
   |                                               ------------- ^^^^^^^^^ expected `Cvx`, found `&Cvx`
   |                                               |
   |                                               arguments to this function are incorrect
   |
note: function defined here
  --> src/rules/mmr/overrides.rs:7:4
   |
 7 | fn is_live_virus(cvx: Cvx) -> bool {
   |    ^^^^^^^^^^^^^ --------
help: consider removing the borrow
   |
25 -         .any(|dose| dose.date == eval_date && is_live_virus(&dose.cvx) && !is_mmr_group(&dose.cvx));
25 +         .any(|dose| dose.date == eval_date && is_live_virus(dose.cvx) && !is_mmr_group(&dose.cvx));
   |

error[E0308]: mismatched types
  --> src/rules/mmr/overrides.rs:25:89
   |
25 |         .any(|dose| dose.date == eval_date && is_live_virus(&dose.cvx) && !is_mmr_group(&dose.cvx));
   |                                                                            ------------ ^^^^^^^^^ expected `Cvx`, found `&Cvx`
   |                                                                            |
   |                                                                            arguments to this function are incorrect
   |
note: function defined here
  --> src/rules/mmr/overrides.rs:14:4
   |
14 | fn is_mmr_group(cvx: Cvx) -> bool {
   |    ^^^^^^^^^^^^ --------
help: consider removing the borrow
   |
25 -         .any(|dose| dose.date == eval_date && is_live_virus(&dose.cvx) && !is_mmr_group(&dose.cvx));
25 +         .any(|dose| dose.date == eval_date && is_live_virus(&dose.cvx) && !is_mmr_group(dose.cvx));
   |

error[E0308]: mismatched types
  --> src/rules/mmr/overrides.rs:42:5
   |
30 | fn get_valid_doses_cvx(ctx: &EvaluationContext) -> Vec<u16> {
   |                                                    -------- expected `Vec<u16>` because of return type
...
38 |             cvxs.push(ctx.history[history_idx].cvx.clone());
   |             ----      ------------------------------------ this argument has type `Cvx`...
   |             |
   |             ... which causes `cvxs` to have type `Vec<Cvx>`
...
42 |     cvxs
   |     ^^^^ expected `Vec<u16>`, found `Vec<Cvx>`
   |
   = note: expected struct `Vec<u16>`
              found struct `Vec<Cvx>`

error[E0599]: no method named `as_str` found for reference `&u16` in the current scope
  --> src/rules/mmr/overrides.rs:83:29
   |
83 |             if matches!(cvx.as_str(), "03" | "04" | "05" | "94") {
   |                             ^^^^^^
   |
help: there is a method `as_` with a similar name
   |
83 -             if matches!(cvx.as_str(), "03" | "04" | "05" | "94") {
83 +             if matches!(cvx.as_(), "03" | "04" | "05" | "94") {
   |

error[E0599]: no method named `as_str` found for reference `&u16` in the current scope
  --> src/rules/mmr/overrides.rs:86:29
   |
86 |             if matches!(cvx.as_str(), "03" | "07" | "38" | "94") {
   |                             ^^^^^^
   |
help: there is a method `as_` with a similar name
   |
86 -             if matches!(cvx.as_str(), "03" | "07" | "38" | "94") {
86 +             if matches!(cvx.as_(), "03" | "07" | "38" | "94") {
   |

error[E0599]: no method named `as_str` found for reference `&u16` in the current scope
  --> src/rules/mmr/overrides.rs:89:29
   |
89 |             if matches!(cvx.as_str(), "03" | "04" | "06" | "38" | "94") {
   |                             ^^^^^^
   |
help: there is a method `as_` with a similar name
   |
89 -             if matches!(cvx.as_str(), "03" | "04" | "06" | "38" | "94") {
89 +             if matches!(cvx.as_(), "03" | "04" | "06" | "38" | "94") {
   |

error[E0308]: mismatched types
  --> src/rules/mmr/overrides.rs:93:42
   |
93 |         let has_m = matches!(dose.cvx.0, "03" | "04" | "05" | "94");
   |                              ----------  ^^^^ expected `u16`, found `&str`
   |                              |
   |                              this expression has type `u16`

error[E0308]: mismatched types
  --> src/rules/mmr/overrides.rs:93:49
   |
93 |         let has_m = matches!(dose.cvx.0, "03" | "04" | "05" | "94");
   |                              ----------         ^^^^ expected `u16`, found `&str`
   |                              |
   |                              this expression has type `u16`

error[E0308]: mismatched types
  --> src/rules/mmr/overrides.rs:93:56
   |
93 |         let has_m = matches!(dose.cvx.0, "03" | "04" | "05" | "94");
   |                              ----------                ^^^^ expected `u16`, found `&str`
   |                              |
   |                              this expression has type `u16`

error[E0308]: mismatched types
  --> src/rules/mmr/overrides.rs:93:63
   |
93 |         let has_m = matches!(dose.cvx.0, "03" | "04" | "05" | "94");
   |                              ----------                       ^^^^ expected `u16`, found `&str`
   |                              |
   |                              this expression has type `u16`

error[E0308]: mismatched types
  --> src/rules/mmr/overrides.rs:94:43
   |
94 |         let has_mu = matches!(dose.cvx.0, "03" | "07" | "38" | "94");
   |                               ----------  ^^^^ expected `u16`, found `&str`
   |                               |
   |                               this expression has type `u16`

error[E0308]: mismatched types
  --> src/rules/mmr/overrides.rs:94:50
   |
94 |         let has_mu = matches!(dose.cvx.0, "03" | "07" | "38" | "94");
   |                               ----------         ^^^^ expected `u16`, found `&str`
   |                               |
   |                               this expression has type `u16`

error[E0308]: mismatched types
  --> src/rules/mmr/overrides.rs:94:57
   |
94 |         let has_mu = matches!(dose.cvx.0, "03" | "07" | "38" | "94");
   |                               ----------                ^^^^ expected `u16`, found `&str`
   |                               |
   |                               this expression has type `u16`

error[E0308]: mismatched types
  --> src/rules/mmr/overrides.rs:94:64
   |
94 |         let has_mu = matches!(dose.cvx.0, "03" | "07" | "38" | "94");
   |                               ----------                       ^^^^ expected `u16`, found `&str`
   |                               |
   |                               this expression has type `u16`

error[E0308]: mismatched types
  --> src/rules/mmr/overrides.rs:95:42
   |
95 |         let has_r = matches!(dose.cvx.0, "03" | "04" | "06" | "38" | "94");
   |                              ----------  ^^^^ expected `u16`, found `&str`
   |                              |
   |                              this expression has type `u16`

error[E0308]: mismatched types
  --> src/rules/mmr/overrides.rs:95:49
   |
95 |         let has_r = matches!(dose.cvx.0, "03" | "04" | "06" | "38" | "94");
   |                              ----------         ^^^^ expected `u16`, found `&str`
   |                              |
   |                              this expression has type `u16`

error[E0308]: mismatched types
  --> src/rules/mmr/overrides.rs:95:56
   |
95 |         let has_r = matches!(dose.cvx.0, "03" | "04" | "06" | "38" | "94");
   |                              ----------                ^^^^ expected `u16`, found `&str`
   |                              |
   |                              this expression has type `u16`

error[E0308]: mismatched types
  --> src/rules/mmr/overrides.rs:95:63
   |
95 |         let has_r = matches!(dose.cvx.0, "03" | "04" | "06" | "38" | "94");
   |                              ----------                       ^^^^ expected `u16`, found `&str`
   |                              |
   |                              this expression has type `u16`

error[E0308]: mismatched types
  --> src/rules/mmr/overrides.rs:95:70
   |
95 |         let has_r = matches!(dose.cvx.0, "03" | "04" | "06" | "38" | "94");
   |                              ----------                              ^^^^ expected `u16`, found `&str`
   |                              |
   |                              this expression has type `u16`

error[E0308]: mismatched types
   --> src/rules/mmr/overrides.rs:114:26
    |
114 |         if is_live_virus(&dose.cvx) {
    |            ------------- ^^^^^^^^^ expected `Cvx`, found `&Cvx`
    |            |
    |            arguments to this function are incorrect
    |
note: function defined here
   --> src/rules/mmr/overrides.rs:7:4
    |
  7 | fn is_live_virus(cvx: Cvx) -> bool {
    |    ^^^^^^^^^^^^^ --------
help: consider removing the borrow
    |
114 -         if is_live_virus(&dose.cvx) {
114 +         if is_live_virus(dose.cvx) {
    |

error[E0308]: mismatched types
   --> src/rules/mmr/overrides.rs:116:59
    |
116 |                 if prev.date < dose.date && is_live_virus(&prev.cvx) {
    |                                             ------------- ^^^^^^^^^ expected `Cvx`, found `&Cvx`
    |                                             |
    |                                             arguments to this function are incorrect
    |
note: function defined here
   --> src/rules/mmr/overrides.rs:7:4
    |
  7 | fn is_live_virus(cvx: Cvx) -> bool {
    |    ^^^^^^^^^^^^^ --------
help: consider removing the borrow
    |
116 -                 if prev.date < dose.date && is_live_virus(&prev.cvx) {
116 +                 if prev.date < dose.date && is_live_virus(prev.cvx) {
    |

error[E0308]: mismatched types
   --> src/rules/mmr/overrides.rs:117:52
    |
117 |                     let is_both_mmr = is_mmr_group(&dose.cvx) && is_mmr_group(&prev.cvx);
    |                                       ------------ ^^^^^^^^^ expected `Cvx`, found `&Cvx`
    |                                       |
    |                                       arguments to this function are incorrect
    |
note: function defined here
   --> src/rules/mmr/overrides.rs:14:4
    |
 14 | fn is_mmr_group(cvx: Cvx) -> bool {
    |    ^^^^^^^^^^^^ --------
help: consider removing the borrow
    |
117 -                     let is_both_mmr = is_mmr_group(&dose.cvx) && is_mmr_group(&prev.cvx);
117 +                     let is_both_mmr = is_mmr_group(dose.cvx) && is_mmr_group(&prev.cvx);
    |

error[E0308]: mismatched types
   --> src/rules/mmr/overrides.rs:117:79
    |
117 |                     let is_both_mmr = is_mmr_group(&dose.cvx) && is_mmr_group(&prev.cvx);
    |                                                                  ------------ ^^^^^^^^^ expected `Cvx`, found `&Cvx`
    |                                                                  |
    |                                                                  arguments to this function are incorrect
    |
note: function defined here
   --> src/rules/mmr/overrides.rs:14:4
    |
 14 | fn is_mmr_group(cvx: Cvx) -> bool {
    |    ^^^^^^^^^^^^ --------
help: consider removing the borrow
    |
117 -                     let is_both_mmr = is_mmr_group(&dose.cvx) && is_mmr_group(&prev.cvx);
117 +                     let is_both_mmr = is_mmr_group(&dose.cvx) && is_mmr_group(prev.cvx);
    |

error[E0308]: mismatched types
   --> src/rules/mmr/overrides.rs:175:43
    |
175 |                 .filter(|d| is_live_virus(&d.cvx))
    |                             ------------- ^^^^^^ expected `Cvx`, found `&Cvx`
    |                             |
    |                             arguments to this function are incorrect
    |
note: function defined here
   --> src/rules/mmr/overrides.rs:7:4
    |
  7 | fn is_live_virus(cvx: Cvx) -> bool {
    |    ^^^^^^^^^^^^^ --------
help: consider removing the borrow
    |
175 -                 .filter(|d| is_live_virus(&d.cvx))
175 +                 .filter(|d| is_live_virus(d.cvx))
    |

error[E0599]: no method named `as_str` found for reference `&u16` in the current scope
   --> src/rules/mmr/overrides.rs:214:34
    |
214 |         let has_m = matches!(cvx.as_str(), "03" | "04" | "05" | "94");
    |                                  ^^^^^^
    |
help: there is a method `as_` with a similar name
    |
214 -         let has_m = matches!(cvx.as_str(), "03" | "04" | "05" | "94");
214 +         let has_m = matches!(cvx.as_(), "03" | "04" | "05" | "94");
    |

error[E0599]: no method named `as_str` found for reference `&u16` in the current scope
   --> src/rules/mmr/overrides.rs:215:35
    |
215 |         let has_mu = matches!(cvx.as_str(), "03" | "07" | "38" | "94");
    |                                   ^^^^^^
    |
help: there is a method `as_` with a similar name
    |
215 -         let has_mu = matches!(cvx.as_str(), "03" | "07" | "38" | "94");
215 +         let has_mu = matches!(cvx.as_(), "03" | "07" | "38" | "94");
    |

error[E0599]: no method named `as_str` found for reference `&u16` in the current scope
   --> src/rules/mmr/overrides.rs:216:34
    |
216 |         let has_r = matches!(cvx.as_str(), "03" | "04" | "06" | "38" | "94");
    |                                  ^^^^^^
    |
help: there is a method `as_` with a similar name
    |
216 -         let has_r = matches!(cvx.as_str(), "03" | "04" | "06" | "38" | "94");
216 +         let has_r = matches!(cvx.as_(), "03" | "04" | "06" | "38" | "94");
    |

error[E0308]: mismatched types
   --> src/rules/mmr/overrides.rs:231:50
    |
231 |         let has_m = matches!(current_dose.cvx.0, "03" | "04" | "05" | "94");
    |                              ------------------  ^^^^ expected `u16`, found `&str`
    |                              |
    |                              this expression has type `u16`

error[E0308]: mismatched types
   --> src/rules/mmr/overrides.rs:231:57
    |
231 |         let has_m = matches!(current_dose.cvx.0, "03" | "04" | "05" | "94");
    |                              ------------------         ^^^^ expected `u16`, found `&str`
    |                              |
    |                              this expression has type `u16`

error[E0308]: mismatched types
   --> src/rules/mmr/overrides.rs:231:64
    |
231 |         let has_m = matches!(current_dose.cvx.0, "03" | "04" | "05" | "94");
    |                              ------------------                ^^^^ expected `u16`, found `&str`
    |                              |
    |                              this expression has type `u16`

error[E0308]: mismatched types
   --> src/rules/mmr/overrides.rs:231:71
    |
231 |         let has_m = matches!(current_dose.cvx.0, "03" | "04" | "05" | "94");
    |                              ------------------                       ^^^^ expected `u16`, found `&str`
    |                              |
    |                              this expression has type `u16`

error[E0308]: mismatched types
   --> src/rules/mmr/overrides.rs:232:51
    |
232 |         let has_mu = matches!(current_dose.cvx.0, "03" | "07" | "38" | "94");
    |                               ------------------  ^^^^ expected `u16`, found `&str`
    |                               |
    |                               this expression has type `u16`

error[E0308]: mismatched types
   --> src/rules/mmr/overrides.rs:232:58
    |
232 |         let has_mu = matches!(current_dose.cvx.0, "03" | "07" | "38" | "94");
    |                               ------------------         ^^^^ expected `u16`, found `&str`
    |                               |
    |                               this expression has type `u16`

error[E0308]: mismatched types
   --> src/rules/mmr/overrides.rs:232:65
    |
232 |         let has_mu = matches!(current_dose.cvx.0, "03" | "07" | "38" | "94");
    |                               ------------------                ^^^^ expected `u16`, found `&str`
    |                               |
    |                               this expression has type `u16`

error[E0308]: mismatched types
   --> src/rules/mmr/overrides.rs:232:72
    |
232 |         let has_mu = matches!(current_dose.cvx.0, "03" | "07" | "38" | "94");
    |                               ------------------                       ^^^^ expected `u16`, found `&str`
    |                               |
    |                               this expression has type `u16`

error[E0308]: mismatched types
   --> src/rules/mmr/overrides.rs:233:50
    |
233 |         let has_r = matches!(current_dose.cvx.0, "03" | "04" | "06" | "38" | "94");
    |                              ------------------  ^^^^ expected `u16`, found `&str`
    |                              |
    |                              this expression has type `u16`

error[E0308]: mismatched types
   --> src/rules/mmr/overrides.rs:233:57
    |
233 |         let has_r = matches!(current_dose.cvx.0, "03" | "04" | "06" | "38" | "94");
    |                              ------------------         ^^^^ expected `u16`, found `&str`
    |                              |
    |                              this expression has type `u16`

error[E0308]: mismatched types
   --> src/rules/mmr/overrides.rs:233:64
    |
233 |         let has_r = matches!(current_dose.cvx.0, "03" | "04" | "06" | "38" | "94");
    |                              ------------------                ^^^^ expected `u16`, found `&str`
    |                              |
    |                              this expression has type `u16`

error[E0308]: mismatched types
   --> src/rules/mmr/overrides.rs:233:71
    |
233 |         let has_r = matches!(current_dose.cvx.0, "03" | "04" | "06" | "38" | "94");
    |                              ------------------                       ^^^^ expected `u16`, found `&str`
    |                              |
    |                              this expression has type `u16`

error[E0308]: mismatched types
   --> src/rules/mmr/overrides.rs:233:78
    |
233 |         let has_r = matches!(current_dose.cvx.0, "03" | "04" | "06" | "38" | "94");
    |                              ------------------                              ^^^^ expected `u16`, found `&str`
    |                              |
    |                              this expression has type `u16`

error[E0599]: no method named `as_str` found for reference `&u16` in the current scope
   --> src/rules/mmr/overrides.rs:268:34
    |
268 |         let has_m = matches!(cvx.as_str(), "03" | "04" | "05" | "94");
    |                                  ^^^^^^
    |
help: there is a method `as_` with a similar name
    |
268 -         let has_m = matches!(cvx.as_str(), "03" | "04" | "05" | "94");
268 +         let has_m = matches!(cvx.as_(), "03" | "04" | "05" | "94");
    |

error[E0599]: no method named `as_str` found for reference `&u16` in the current scope
   --> src/rules/mmr/overrides.rs:269:35
    |
269 |         let has_mu = matches!(cvx.as_str(), "03" | "07" | "38" | "94");
    |                                   ^^^^^^
    |
help: there is a method `as_` with a similar name
    |
269 -         let has_mu = matches!(cvx.as_str(), "03" | "07" | "38" | "94");
269 +         let has_mu = matches!(cvx.as_(), "03" | "07" | "38" | "94");
    |

error[E0599]: no method named `as_str` found for reference `&u16` in the current scope
   --> src/rules/mmr/overrides.rs:270:34
    |
270 |         let has_r = matches!(cvx.as_str(), "03" | "04" | "06" | "38" | "94");
    |                                  ^^^^^^
    |
help: there is a method `as_` with a similar name
    |
270 -         let has_r = matches!(cvx.as_str(), "03" | "04" | "06" | "38" | "94");
270 +         let has_r = matches!(cvx.as_(), "03" | "04" | "06" | "38" | "94");
    |

error[E0308]: mismatched types
  --> src/rules/pneumococcal/overrides.rs:29:35
   |
29 |         .filter(|d| is_pneumo_cvx(&d.cvx) && d.date < cutoff)
   |                     ------------- ^^^^^^ expected `Cvx`, found `&Cvx`
   |                     |
   |                     arguments to this function are incorrect
   |
note: function defined here
  --> src/rules/pneumococcal/overrides.rs:13:4
   |
13 | fn is_pneumo_cvx(cvx: Cvx) -> bool {
   |    ^^^^^^^^^^^^^ --------
help: consider removing the borrow
   |
29 -         .filter(|d| is_pneumo_cvx(&d.cvx) && d.date < cutoff)
29 +         .filter(|d| is_pneumo_cvx(d.cvx) && d.date < cutoff)
   |

error[E0308]: mismatched types
  --> src/rules/pneumococcal/overrides.rs:37:65
   |
37 |             .any(|d| d.date == *date && MODERN_PCV_CVX.contains(&d.cvx.0))
   |                                                        -------- ^^^^^^^^ expected `&&str`, found `&u16`
   |                                                        |
   |                                                        arguments to this method are incorrect
   |
   = note: expected reference `&&str`
              found reference `&u16`
note: method defined here
  --> /rustc/59807616e1fa2540724bfbac14d7976d7e4a3860/library/core/src/slice/mod.rs:2589:11

error[E0308]: mismatched types
  --> src/rules/pneumococcal/overrides.rs:48:60
   |
48 |                 .find(|d| d.date == *date && is_pneumo_cvx(&d.cvx))
   |                                              ------------- ^^^^^^ expected `Cvx`, found `&Cvx`
   |                                              |
   |                                              arguments to this function are incorrect
   |
note: function defined here
  --> src/rules/pneumococcal/overrides.rs:13:4
   |
13 | fn is_pneumo_cvx(cvx: Cvx) -> bool {
   |    ^^^^^^^^^^^^^ --------
help: consider removing the borrow
   |
48 -                 .find(|d| d.date == *date && is_pneumo_cvx(&d.cvx))
48 +                 .find(|d| d.date == *date && is_pneumo_cvx(d.cvx))
   |

error[E0308]: mismatched types
  --> src/rules/pneumococcal/overrides.rs:58:69
   |
58 |                 .any(|d| d.date == *date && MODERN_PCV_CVX.contains(&d.cvx.0))
   |                                                            -------- ^^^^^^^^ expected `&&str`, found `&u16`
   |                                                            |
   |                                                            arguments to this method are incorrect
   |
   = note: expected reference `&&str`
              found reference `&u16`
note: method defined here
  --> /rustc/59807616e1fa2540724bfbac14d7976d7e4a3860/library/core/src/slice/mod.rs:2589:11

error[E0308]: mismatched types
   --> src/rules/pneumococcal/overrides.rs:121:36
    |
121 |         if !CHILD_PCV_CVX.contains(&dose.cvx.0) {
    |                           -------- ^^^^^^^^^^^ expected `&&str`, found `&u16`
    |                           |
    |                           arguments to this method are incorrect
    |
    = note: expected reference `&&str`
               found reference `&u16`
note: method defined here
   --> /rustc/59807616e1fa2540724bfbac14d7976d7e4a3860/library/core/src/slice/mod.rs:2589:11

error[E0308]: mismatched types
   --> src/rules/pneumococcal/overrides.rs:130:61
    |
130 |             if has_no_modern_pcv && MODERN_PCV_CVX.contains(&dose.cvx.0) {
    |                                                    -------- ^^^^^^^^^^^ expected `&&str`, found `&u16`
    |                                                    |
    |                                                    arguments to this method are incorrect
    |
    = note: expected reference `&&str`
               found reference `&u16`
note: method defined here
   --> /rustc/59807616e1fa2540724bfbac14d7976d7e4a3860/library/core/src/slice/mod.rs:2589:11

error[E0308]: mismatched types
   --> src/rules/pneumococcal/overrides.rs:167:47
    |
167 |                 .filter(|prior| is_pneumo_cvx(&prior.cvx) && prior.date < dose.date)
    |                                 ------------- ^^^^^^^^^^ expected `Cvx`, found `&Cvx`
    |                                 |
    |                                 arguments to this function are incorrect
    |
note: function defined here
   --> src/rules/pneumococcal/overrides.rs:13:4
    |
 13 | fn is_pneumo_cvx(cvx: Cvx) -> bool {
    |    ^^^^^^^^^^^^^ --------
help: consider removing the borrow
    |
167 -                 .filter(|prior| is_pneumo_cvx(&prior.cvx) && prior.date < dose.date)
167 +                 .filter(|prior| is_pneumo_cvx(prior.cvx) && prior.date < dose.date)
    |

error[E0308]: mismatched types
   --> src/rules/pneumococcal/overrides.rs:214:34
    |
214 |         && !matches!(dose.cvx.0, "109" | "152")
    |                      ----------  ^^^^^ expected `u16`, found `&str`
    |                      |
    |                      this expression has type `u16`

error[E0308]: mismatched types
   --> src/rules/pneumococcal/overrides.rs:214:42
    |
214 |         && !matches!(dose.cvx.0, "109" | "152")
    |                      ----------          ^^^^^ expected `u16`, found `&str`
    |                      |
    |                      this expression has type `u16`

error[E0308]: mismatched types
   --> src/rules/pneumococcal/overrides.rs:222:64
    |
222 |     if age_ge(birth, dose.date, "19y") && matches!(dose.cvx.0, "215" | "216" | "327") {
    |                                                    ----------  ^^^^^ expected `u16`, found `&str`
    |                                                    |
    |                                                    this expression has type `u16`

error[E0308]: mismatched types
   --> src/rules/pneumococcal/overrides.rs:222:72
    |
222 |     if age_ge(birth, dose.date, "19y") && matches!(dose.cvx.0, "215" | "216" | "327") {
    |                                                    ----------          ^^^^^ expected `u16`, found `&str`
    |                                                    |
    |                                                    this expression has type `u16`

error[E0308]: mismatched types
   --> src/rules/pneumococcal/overrides.rs:222:80
    |
222 |     if age_ge(birth, dose.date, "19y") && matches!(dose.cvx.0, "215" | "216" | "327") {
    |                                                    ----------                  ^^^^^ expected `u16`, found `&str`
    |                                                    |
    |                                                    this expression has type `u16`

error[E0308]: mismatched types
   --> src/rules/pneumococcal/overrides.rs:242:40
    |
242 |                 ADULT_PCV_CVX.contains(&dose.cvx.0)
    |                               -------- ^^^^^^^^^^^ expected `&&str`, found `&u16`
    |                               |
    |                               arguments to this method are incorrect
    |
    = note: expected reference `&&str`
               found reference `&u16`
note: method defined here
   --> /rustc/59807616e1fa2540724bfbac14d7976d7e4a3860/library/core/src/slice/mod.rs:2589:11

error[E0308]: mismatched types
   --> src/rules/pneumococcal/overrides.rs:244:38
    |
244 |                 matches!(dose.cvx.0, "33" | "216" | "327")
    |                          ----------  ^^^^ expected `u16`, found `&str`
    |                          |
    |                          this expression has type `u16`

error[E0308]: mismatched types
   --> src/rules/pneumococcal/overrides.rs:244:45
    |
244 |                 matches!(dose.cvx.0, "33" | "216" | "327")
    |                          ----------         ^^^^^ expected `u16`, found `&str`
    |                          |
    |                          this expression has type `u16`

error[E0308]: mismatched types
   --> src/rules/pneumococcal/overrides.rs:244:53
    |
244 |                 matches!(dose.cvx.0, "33" | "216" | "327")
    |                          ----------                 ^^^^^ expected `u16`, found `&str`
    |                          |
    |                          this expression has type `u16`

error[E0308]: mismatched types
   --> src/rules/pneumococcal/overrides.rs:254:54
    |
254 |     if target_dose_idx == 8 && !matches!(dose.cvx.0, "33" | "216" | "327") {
    |                                          ----------  ^^^^ expected `u16`, found `&str`
    |                                          |
    |                                          this expression has type `u16`

error[E0308]: mismatched types
   --> src/rules/pneumococcal/overrides.rs:254:61
    |
254 |     if target_dose_idx == 8 && !matches!(dose.cvx.0, "33" | "216" | "327") {
    |                                          ----------         ^^^^^ expected `u16`, found `&str`
    |                                          |
    |                                          this expression has type `u16`

error[E0308]: mismatched types
   --> src/rules/pneumococcal/overrides.rs:254:69
    |
254 |     if target_dose_idx == 8 && !matches!(dose.cvx.0, "33" | "216" | "327") {
    |                                          ----------                 ^^^^^ expected `u16`, found `&str`
    |                                          |
    |                                          this expression has type `u16`

error[E0308]: mismatched types
   --> src/rules/pneumococcal/overrides.rs:285:36
    |
285 |         .any(|d| matches!(d.cvx.0, "215" | "216" | "327"));
    |                           -------  ^^^^^ expected `u16`, found `&str`
    |                           |
    |                           this expression has type `u16`

error[E0308]: mismatched types
   --> src/rules/pneumococcal/overrides.rs:285:44
    |
285 |         .any(|d| matches!(d.cvx.0, "215" | "216" | "327"));
    |                           -------          ^^^^^ expected `u16`, found `&str`
    |                           |
    |                           this expression has type `u16`

error[E0308]: mismatched types
   --> src/rules/pneumococcal/overrides.rs:285:52
    |
285 |         .any(|d| matches!(d.cvx.0, "215" | "216" | "327"));
    |                           -------                  ^^^^^ expected `u16`, found `&str`
    |                           |
    |                           this expression has type `u16`

error[E0308]: mismatched types
   --> src/rules/pneumococcal/overrides.rs:290:50
    |
290 |         .any(|d| ADULT_COMPLETE_PCV_CVX.contains(&d.cvx.0) && age_ge(birth, d.date, "19y"))
    |                                         -------- ^^^^^^^^ expected `&&str`, found `&u16`
    |                                         |
    |                                         arguments to this method are incorrect
    |
    = note: expected reference `&&str`
               found reference `&u16`
note: method defined here
   --> /rustc/59807616e1fa2540724bfbac14d7976d7e4a3860/library/core/src/slice/mod.rs:2589:11

error[E0308]: mismatched types
   --> src/rules/pneumococcal/overrides.rs:334:21
    |
334 |             == Some("33")
    |                ---- ^^^^ expected `u16`, found `&str`
    |                |
    |                arguments to this enum variant are incorrect
    |
help: the type constructed contains `&'static str` due to the type of the argument passed
   --> src/rules/pneumococcal/overrides.rs:334:16
    |
334 |             == Some("33")
    |                ^^^^^----^
    |                     |
    |                     this argument influences the type of `Some`
note: tuple variant defined here
   --> /rustc/59807616e1fa2540724bfbac14d7976d7e4a3860/library/core/src/option.rs:608:4

error[E0308]: mismatched types
   --> src/rules/pneumococcal/overrides.rs:386:27
    |
386 |             is_pneumo_cvx(&dose.cvx)
    |             ------------- ^^^^^^^^^ expected `Cvx`, found `&Cvx`
    |             |
    |             arguments to this function are incorrect
    |
note: function defined here
   --> src/rules/pneumococcal/overrides.rs:13:4
    |
 13 | fn is_pneumo_cvx(cvx: Cvx) -> bool {
    |    ^^^^^^^^^^^^^ --------
help: consider removing the borrow
    |
386 -             is_pneumo_cvx(&dose.cvx)
386 +             is_pneumo_cvx(dose.cvx)
    |

error[E0308]: mismatched types
   --> src/rules/pneumococcal/overrides.rs:412:48
    |
412 |             .filter(|d| ADULT_PCV_CVX.contains(&d.cvx.0) || d.cvx.0 == 152)
    |                                       -------- ^^^^^^^^ expected `&&str`, found `&u16`
    |                                       |
    |                                       arguments to this method are incorrect
    |
    = note: expected reference `&&str`
               found reference `&u16`
note: method defined here
   --> /rustc/59807616e1fa2540724bfbac14d7976d7e4a3860/library/core/src/slice/mod.rs:2589:11

error[E0308]: mismatched types
  --> src/rules/varicella/overrides.rs:11:25
   |
11 |     LIVE_VIRUS.contains(&cvx)
   |                -------- ^^^^ expected `&&str`, found `&Cvx`
   |                |
   |                arguments to this method are incorrect
   |
   = note: expected reference `&&str`
              found reference `&Cvx`
note: method defined here
  --> /rustc/59807616e1fa2540724bfbac14d7976d7e4a3860/library/core/src/slice/mod.rs:2589:11

error[E0308]: mismatched types
  --> src/rules/varicella/overrides.rs:48:26
   |
48 |         if is_live_virus(&dose.cvx) {
   |            ------------- ^^^^^^^^^ expected `Cvx`, found `&Cvx`
   |            |
   |            arguments to this function are incorrect
   |
note: function defined here
  --> src/rules/varicella/overrides.rs:7:4
   |
 7 | fn is_live_virus(cvx: Cvx) -> bool {
   |    ^^^^^^^^^^^^^ --------
help: consider removing the borrow
   |
48 -         if is_live_virus(&dose.cvx) {
48 +         if is_live_virus(dose.cvx) {
   |

error[E0308]: mismatched types
  --> src/rules/varicella/overrides.rs:50:59
   |
50 |                 if prev.date < dose.date && is_live_virus(&prev.cvx) {
   |                                             ------------- ^^^^^^^^^ expected `Cvx`, found `&Cvx`
   |                                             |
   |                                             arguments to this function are incorrect
   |
note: function defined here
  --> src/rules/varicella/overrides.rs:7:4
   |
 7 | fn is_live_virus(cvx: Cvx) -> bool {
   |    ^^^^^^^^^^^^^ --------
help: consider removing the borrow
   |
50 -                 if prev.date < dose.date && is_live_virus(&prev.cvx) {
50 +                 if prev.date < dose.date && is_live_virus(prev.cvx) {
   |

error[E0308]: mismatched types
  --> src/rules/varicella/overrides.rs:51:64
   |
51 |                     let is_both_varicella = is_varicella_group(&dose.cvx) && is_varicella_group(&prev.cvx);
   |                                             ------------------ ^^^^^^^^^ expected `Cvx`, found `&Cvx`
   |                                             |
   |                                             arguments to this function are incorrect
   |
note: function defined here
  --> src/rules/varicella/overrides.rs:14:4
   |
14 | fn is_varicella_group(cvx: Cvx) -> bool {
   |    ^^^^^^^^^^^^^^^^^^ --------
help: consider removing the borrow
   |
51 -                     let is_both_varicella = is_varicella_group(&dose.cvx) && is_varicella_group(&prev.cvx);
51 +                     let is_both_varicella = is_varicella_group(dose.cvx) && is_varicella_group(&prev.cvx);
   |

error[E0308]: mismatched types
  --> src/rules/varicella/overrides.rs:51:97
   |
51 |                     let is_both_varicella = is_varicella_group(&dose.cvx) && is_varicella_group(&prev.cvx);
   |                                                                              ------------------ ^^^^^^^^^ expected `Cvx`, found `&Cvx`
   |                                                                              |
   |                                                                              arguments to this function are incorrect
   |
note: function defined here
  --> src/rules/varicella/overrides.rs:14:4
   |
14 | fn is_varicella_group(cvx: Cvx) -> bool {
   |    ^^^^^^^^^^^^^^^^^^ --------
help: consider removing the borrow
   |
51 -                     let is_both_varicella = is_varicella_group(&dose.cvx) && is_varicella_group(&prev.cvx);
51 +                     let is_both_varicella = is_varicella_group(&dose.cvx) && is_varicella_group(prev.cvx);
   |

error[E0308]: mismatched types
  --> src/rules/varicella/overrides.rs:97:52
   |
97 |         && history.iter().all(|dose| is_old_zoster(&dose.cvx))
   |                                      ------------- ^^^^^^^^^ expected `Cvx`, found `&Cvx`
   |                                      |
   |                                      arguments to this function are incorrect
   |
note: function defined here
  --> src/rules/varicella/overrides.rs:18:4
   |
18 | fn is_old_zoster(cvx: Cvx) -> bool {
   |    ^^^^^^^^^^^^^ --------
help: consider removing the borrow
   |
97 -         && history.iter().all(|dose| is_old_zoster(&dose.cvx))
97 +         && history.iter().all(|dose| is_old_zoster(dose.cvx))
   |

error[E0308]: mismatched types
   --> src/rules/varicella/overrides.rs:119:44
    |
119 |             .filter(|d| is_varicella_group(&d.cvx))
    |                         ------------------ ^^^^^^ expected `Cvx`, found `&Cvx`
    |                         |
    |                         arguments to this function are incorrect
    |
note: function defined here
   --> src/rules/varicella/overrides.rs:14:4
    |
 14 | fn is_varicella_group(cvx: Cvx) -> bool {
    |    ^^^^^^^^^^^^^^^^^^ --------
help: consider removing the borrow
    |
119 -             .filter(|d| is_varicella_group(&d.cvx))
119 +             .filter(|d| is_varicella_group(d.cvx))
    |

error[E0308]: mismatched types
  --> src/rules/zoster/overrides.rs:32:26
   |
32 |         if is_old_zoster(&dose.cvx) {
   |            ------------- ^^^^^^^^^ expected `Cvx`, found `&Cvx`
   |            |
   |            arguments to this function are incorrect
   |
note: function defined here
  --> src/rules/zoster/overrides.rs:9:4
   |
 9 | fn is_old_zoster(cvx: Cvx) -> bool {
   |    ^^^^^^^^^^^^^ --------
help: consider removing the borrow
   |
32 -         if is_old_zoster(&dose.cvx) {
32 +         if is_old_zoster(dose.cvx) {
   |

error[E0308]: mismatched types
  --> src/rules/zoster/overrides.rs:42:24
   |
42 |         if is_shingrix(&dose.cvx) {
   |            ----------- ^^^^^^^^^ expected `Cvx`, found `&Cvx`
   |            |
   |            arguments to this function are incorrect
   |
note: function defined here
  --> src/rules/zoster/overrides.rs:14:4
   |
14 | fn is_shingrix(cvx: Cvx) -> bool {
   |    ^^^^^^^^^^^ --------
help: consider removing the borrow
   |
42 -         if is_shingrix(&dose.cvx) {
42 +         if is_shingrix(dose.cvx) {
   |

error[E0308]: mismatched types
  --> src/rules/zoster/overrides.rs:44:34
   |
44 |                 if is_old_zoster(&prior.cvx) && prior.date <= dose.date {
   |                    ------------- ^^^^^^^^^^ expected `Cvx`, found `&Cvx`
   |                    |
   |                    arguments to this function are incorrect
   |
note: function defined here
  --> src/rules/zoster/overrides.rs:9:4
   |
 9 | fn is_old_zoster(cvx: Cvx) -> bool {
   |    ^^^^^^^^^^^^^ --------
help: consider removing the borrow
   |
44 -                 if is_old_zoster(&prior.cvx) && prior.date <= dose.date {
44 +                 if is_old_zoster(prior.cvx) && prior.date <= dose.date {
   |

error[E0308]: mismatched types
  --> src/rules/zoster/overrides.rs:83:35
   |
83 |         .filter(|d| is_old_zoster(&d.cvx))
   |                     ------------- ^^^^^^ expected `Cvx`, found `&Cvx`
   |                     |
   |                     arguments to this function are incorrect
   |
note: function defined here
  --> src/rules/zoster/overrides.rs:9:4
   |
 9 | fn is_old_zoster(cvx: Cvx) -> bool {
   |    ^^^^^^^^^^^^^ --------
help: consider removing the borrow
   |
83 -         .filter(|d| is_old_zoster(&d.cvx))
83 +         .filter(|d| is_old_zoster(d.cvx))
   |

error[E0308]: mismatched types
  --> src/rules/zoster/overrides.rs:88:40
   |
88 |         .filter(|d| is_adult_varicella(&d.cvx))
   |                     ------------------ ^^^^^^ expected `Cvx`, found `&Cvx`
   |                     |
   |                     arguments to this function are incorrect
   |
note: function defined here
  --> src/rules/zoster/overrides.rs:19:4
   |
19 | fn is_adult_varicella(cvx: Cvx) -> bool {
   |    ^^^^^^^^^^^^^^^^^^ --------
help: consider removing the borrow
   |
88 -         .filter(|d| is_adult_varicella(&d.cvx))
88 +         .filter(|d| is_adult_varicella(d.cvx))
   |

error[E0308]: mismatched types
   --> src/rules/zoster/overrides.rs:110:36
    |
110 |         .filter(|dose| is_shingrix(&dose.cvx))
    |                        ----------- ^^^^^^^^^ expected `Cvx`, found `&Cvx`
    |                        |
    |                        arguments to this function are incorrect
    |
note: function defined here
   --> src/rules/zoster/overrides.rs:14:4
    |
 14 | fn is_shingrix(cvx: Cvx) -> bool {
    |    ^^^^^^^^^^^ --------
help: consider removing the borrow
    |
110 -         .filter(|dose| is_shingrix(&dose.cvx))
110 +         .filter(|dose| is_shingrix(dose.cvx))
    |

error[E0308]: mismatched types
   --> src/rules/zoster/overrides.rs:113:31
    |
113 |                 is_old_zoster(&prior.cvx)
    |                 ------------- ^^^^^^^^^^ expected `Cvx`, found `&Cvx`
    |                 |
    |                 arguments to this function are incorrect
    |
note: function defined here
   --> src/rules/zoster/overrides.rs:9:4
    |
  9 | fn is_old_zoster(cvx: Cvx) -> bool {
    |    ^^^^^^^^^^^^^ --------
help: consider removing the borrow
    |
113 -                 is_old_zoster(&prior.cvx)
113 +                 is_old_zoster(prior.cvx)
    |

error[E0308]: mismatched types
   --> src/rules/zoster/overrides.rs:137:63
    |
137 |     let has_old_zoster = history.iter().any(|d| is_old_zoster(&d.cvx));
    |                                                 ------------- ^^^^^^ expected `Cvx`, found `&Cvx`
    |                                                 |
    |                                                 arguments to this function are incorrect
    |
note: function defined here
   --> src/rules/zoster/overrides.rs:9:4
    |
  9 | fn is_old_zoster(cvx: Cvx) -> bool {
    |    ^^^^^^^^^^^^^ --------
help: consider removing the borrow
    |
137 -     let has_old_zoster = history.iter().any(|d| is_old_zoster(&d.cvx));
137 +     let has_old_zoster = history.iter().any(|d| is_old_zoster(d.cvx));
    |

error[E0308]: mismatched types
  --> src/rules/h1n1/overrides.rs:77:39
   |
77 |         .filter(|d| matches!(d.cvx.0, "125" | "126" | "127" | "128"))
   |                              -------  ^^^^^ expected `u16`, found `&str`
   |                              |
   |                              this expression has type `u16`

error[E0308]: mismatched types
  --> src/rules/h1n1/overrides.rs:77:47
   |
77 |         .filter(|d| matches!(d.cvx.0, "125" | "126" | "127" | "128"))
   |                              -------          ^^^^^ expected `u16`, found `&str`
   |                              |
   |                              this expression has type `u16`

error[E0308]: mismatched types
  --> src/rules/h1n1/overrides.rs:77:55
   |
77 |         .filter(|d| matches!(d.cvx.0, "125" | "126" | "127" | "128"))
   |                              -------                  ^^^^^ expected `u16`, found `&str`
   |                              |
   |                              this expression has type `u16`

error[E0308]: mismatched types
  --> src/rules/h1n1/overrides.rs:77:63
   |
77 |         .filter(|d| matches!(d.cvx.0, "125" | "126" | "127" | "128"))
   |                              -------                          ^^^^^ expected `u16`, found `&str`
   |                              |
   |                              this expression has type `u16`

error[E0308]: mismatched types
   --> src/rules/h1n1/overrides.rs:105:39
    |
105 |         .filter(|d| matches!(d.cvx.0, "125" | "126" | "127" | "128"))
    |                              -------  ^^^^^ expected `u16`, found `&str`
    |                              |
    |                              this expression has type `u16`

error[E0308]: mismatched types
   --> src/rules/h1n1/overrides.rs:105:47
    |
105 |         .filter(|d| matches!(d.cvx.0, "125" | "126" | "127" | "128"))
    |                              -------          ^^^^^ expected `u16`, found `&str`
    |                              |
    |                              this expression has type `u16`

error[E0308]: mismatched types
   --> src/rules/h1n1/overrides.rs:105:55
    |
105 |         .filter(|d| matches!(d.cvx.0, "125" | "126" | "127" | "128"))
    |                              -------                  ^^^^^ expected `u16`, found `&str`
    |                              |
    |                              this expression has type `u16`

error[E0308]: mismatched types
   --> src/rules/h1n1/overrides.rs:105:63
    |
105 |         .filter(|d| matches!(d.cvx.0, "125" | "126" | "127" | "128"))
    |                              -------                          ^^^^^ expected `u16`, found `&str`
    |                              |
    |                              this expression has type `u16`

error[E0308]: mismatched types
  --> src/rules/rsv/overrides.rs:46:13
   |
45 |         "RSV_ADULT_SERIES" => match cvx {
   |                                     --- this expression has type `Cvx`
46 |             "303" | "304" | "305" | "314" | "326" => Some(date(2023, 6, 21)),
   |             ^^^^^ expected `Cvx`, found `&str`

error[E0308]: mismatched types
  --> src/rules/rsv/overrides.rs:46:21
   |
45 |         "RSV_ADULT_SERIES" => match cvx {
   |                                     --- this expression has type `Cvx`
46 |             "303" | "304" | "305" | "314" | "326" => Some(date(2023, 6, 21)),
   |                     ^^^^^ expected `Cvx`, found `&str`

error[E0308]: mismatched types
  --> src/rules/rsv/overrides.rs:46:29
   |
45 |         "RSV_ADULT_SERIES" => match cvx {
   |                                     --- this expression has type `Cvx`
46 |             "303" | "304" | "305" | "314" | "326" => Some(date(2023, 6, 21)),
   |                             ^^^^^ expected `Cvx`, found `&str`

error[E0308]: mismatched types
  --> src/rules/rsv/overrides.rs:46:37
   |
45 |         "RSV_ADULT_SERIES" => match cvx {
   |                                     --- this expression has type `Cvx`
46 |             "303" | "304" | "305" | "314" | "326" => Some(date(2023, 6, 21)),
   |                                     ^^^^^ expected `Cvx`, found `&str`

error[E0308]: mismatched types
  --> src/rules/rsv/overrides.rs:46:45
   |
45 |         "RSV_ADULT_SERIES" => match cvx {
   |                                     --- this expression has type `Cvx`
46 |             "303" | "304" | "305" | "314" | "326" => Some(date(2023, 6, 21)),
   |                                             ^^^^^ expected `Cvx`, found `&str`

error[E0308]: mismatched types
  --> src/rules/rsv/overrides.rs:50:13
   |
49 |         "RSV_INFANT_SERIES" => match cvx {
   |                                      --- this expression has type `Cvx`
50 |             "332" => Some(date(2025, 6, 9)),
   |             ^^^^^ expected `Cvx`, found `&str`

error[E0308]: mismatched types
  --> src/rules/rsv/overrides.rs:51:13
   |
49 |         "RSV_INFANT_SERIES" => match cvx {
   |                                      --- this expression has type `Cvx`
50 |             "332" => Some(date(2025, 6, 9)),
51 |             "304" | "306" | "307" | "315" => Some(date(2023, 8, 3)),
   |             ^^^^^ expected `Cvx`, found `&str`

error[E0308]: mismatched types
  --> src/rules/rsv/overrides.rs:51:21
   |
49 |         "RSV_INFANT_SERIES" => match cvx {
   |                                      --- this expression has type `Cvx`
50 |             "332" => Some(date(2025, 6, 9)),
51 |             "304" | "306" | "307" | "315" => Some(date(2023, 8, 3)),
   |                     ^^^^^ expected `Cvx`, found `&str`

error[E0308]: mismatched types
  --> src/rules/rsv/overrides.rs:51:29
   |
49 |         "RSV_INFANT_SERIES" => match cvx {
   |                                      --- this expression has type `Cvx`
50 |             "332" => Some(date(2025, 6, 9)),
51 |             "304" | "306" | "307" | "315" => Some(date(2023, 8, 3)),
   |                             ^^^^^ expected `Cvx`, found `&str`

error[E0308]: mismatched types
  --> src/rules/rsv/overrides.rs:51:37
   |
49 |         "RSV_INFANT_SERIES" => match cvx {
   |                                      --- this expression has type `Cvx`
50 |             "332" => Some(date(2025, 6, 9)),
51 |             "304" | "306" | "307" | "315" => Some(date(2023, 8, 3)),
   |                                     ^^^^^ expected `Cvx`, found `&str`

error[E0308]: mismatched types
  --> src/rules/rsv/overrides.rs:69:60
   |
69 |     if let Some(cutoff) = availability_cutoff(series_name, &dose.cvx) {
   |                           -------------------              ^^^^^^^^^ expected `Cvx`, found `&Cvx`
   |                           |
   |                           arguments to this function are incorrect
   |
note: function defined here
  --> src/rules/rsv/overrides.rs:43:4
   |
43 | fn availability_cutoff(series_name: &str, cvx: Cvx) -> Option<NaiveDate> {
   |    ^^^^^^^^^^^^^^^^^^^                    --------
help: consider removing the borrow
   |
69 -     if let Some(cutoff) = availability_cutoff(series_name, &dose.cvx) {
69 +     if let Some(cutoff) = availability_cutoff(series_name, dose.cvx) {
   |

error[E0308]: mismatched types
  --> src/rules/covid19/overrides.rs:69:46
   |
69 |     let is_same_brand_or_unspec = (is_pfizer(&prior_dose.cvx) && is_pfizer(current_dose_cvx))
   |                                    --------- ^^^^^^^^^^^^^^^ expected `Cvx`, found `&Cvx`
   |                                    |
   |                                    arguments to this function are incorrect
   |
note: closure parameter defined here
  --> src/rules/covid19/overrides.rs:63:22
   |
63 |     let is_pfizer = |cvx: Cvx| {
   |                      ^^^^^^^^
help: consider removing the borrow
   |
69 -     let is_same_brand_or_unspec = (is_pfizer(&prior_dose.cvx) && is_pfizer(current_dose_cvx))
69 +     let is_same_brand_or_unspec = (is_pfizer(prior_dose.cvx) && is_pfizer(current_dose_cvx))
   |

error[E0308]: mismatched types
  --> src/rules/covid19/overrides.rs:70:24
   |
70 |         || (is_novavax(&prior_dose.cvx) && is_novavax(current_dose_cvx))
   |             ---------- ^^^^^^^^^^^^^^^ expected `Cvx`, found `&Cvx`
   |             |
   |             arguments to this function are incorrect
   |
note: closure parameter defined here
  --> src/rules/covid19/overrides.rs:66:23
   |
66 |     let is_novavax = |cvx: Cvx| matches!(cvx.0, 211 | 313);
   |                       ^^^^^^^^
help: consider removing the borrow
   |
70 -         || (is_novavax(&prior_dose.cvx) && is_novavax(current_dose_cvx))
70 +         || (is_novavax(prior_dose.cvx) && is_novavax(current_dose_cvx))
   |

error[E0308]: mismatched types
  --> src/rules/covid19/overrides.rs:71:27
   |
71 |         || is_unspecified(&prior_dose.cvx)
   |            -------------- ^^^^^^^^^^^^^^^ expected `Cvx`, found `&Cvx`
   |            |
   |            arguments to this function are incorrect
   |
note: closure parameter defined here
  --> src/rules/covid19/overrides.rs:67:27
   |
67 |     let is_unspecified = |cvx: Cvx| cvx.0 == 213;
   |                           ^^^^^^^^
help: consider removing the borrow
   |
71 -         || is_unspecified(&prior_dose.cvx)
71 +         || is_unspecified(prior_dose.cvx)
   |

error[E0308]: mismatched types
   --> src/rules/covid19/overrides.rs:106:41
    |
106 |                 if is_novavax_or_unspec(&prior_dose.cvx) && is_novavax_or_unspec(current_dose_cvx) && is_same_brand_or_unspec {
    |                    -------------------- ^^^^^^^^^^^^^^^ expected `Cvx`, found `&Cvx`
    |                    |
    |                    arguments to this function are incorrect
    |
note: closure parameter defined here
   --> src/rules/covid19/overrides.rs:105:45
    |
105 |                 let is_novavax_or_unspec = |cvx: Cvx| is_novavax(cvx) || is_unspecified(cvx);
    |                                             ^^^^^^^^
help: consider removing the borrow
    |
106 -                 if is_novavax_or_unspec(&prior_dose.cvx) && is_novavax_or_unspec(current_dose_cvx) && is_same_brand_or_unspec {
106 +                 if is_novavax_or_unspec(prior_dose.cvx) && is_novavax_or_unspec(current_dose_cvx) && is_same_brand_or_unspec {
    |

error[E0308]: mismatched types
   --> src/rules/covid19/overrides.rs:157:17
    |
156 | ...   dose.cvx.0,
    |       ---------- this expression has type `u16`
157 | ...   "207" | "208" | "211" | "212" | "217" | "218" | "219" | "221" | "228" | "229" | "272" | "300" | "301" | "302" | "502" | "519"
    |       ^^^^^ expected `u16`, found `&str`

error[E0308]: mismatched types
   --> src/rules/covid19/overrides.rs:157:25
    |
156 | ...   dose.cvx.0,
    |       ---------- this expression has type `u16`
157 | ...   "207" | "208" | "211" | "212" | "217" | "218" | "219" | "221" | "228" | "229" | "272" | "300" | "301" | "302" | "502" | "519"
    |               ^^^^^ expected `u16`, found `&str`

error[E0308]: mismatched types
   --> src/rules/covid19/overrides.rs:157:33
    |
156 | ...   dose.cvx.0,
    |       ---------- this expression has type `u16`
157 | ...   "207" | "208" | "211" | "212" | "217" | "218" | "219" | "221" | "228" | "229" | "272" | "300" | "301" | "302" | "502" | "519"
    |                       ^^^^^ expected `u16`, found `&str`

error[E0308]: mismatched types
   --> src/rules/covid19/overrides.rs:157:41
    |
156 | ...   dose.cvx.0,
    |       ---------- this expression has type `u16`
157 | ...   "207" | "208" | "211" | "212" | "217" | "218" | "219" | "221" | "228" | "229" | "272" | "300" | "301" | "302" | "502" | "519"
    |                               ^^^^^ expected `u16`, found `&str`

error[E0308]: mismatched types
   --> src/rules/covid19/overrides.rs:157:49
    |
156 | ...   dose.cvx.0,
    |       ---------- this expression has type `u16`
157 | ...   "207" | "208" | "211" | "212" | "217" | "218" | "219" | "221" | "228" | "229" | "272" | "300" | "301" | "302" | "502" | "519"
    |                                       ^^^^^ expected `u16`, found `&str`

error[E0308]: mismatched types
   --> src/rules/covid19/overrides.rs:157:57
    |
156 | ...   dose.cvx.0,
    |       ---------- this expression has type `u16`
157 | ...   "207" | "208" | "211" | "212" | "217" | "218" | "219" | "221" | "228" | "229" | "272" | "300" | "301" | "302" | "502" | "519"
    |                                               ^^^^^ expected `u16`, found `&str`

error[E0308]: mismatched types
   --> src/rules/covid19/overrides.rs:157:65
    |
156 | ...   dose.cvx.0,
    |       ---------- this expression has type `u16`
157 | ...   "207" | "208" | "211" | "212" | "217" | "218" | "219" | "221" | "228" | "229" | "272" | "300" | "301" | "302" | "502" | "519"
    |                                                       ^^^^^ expected `u16`, found `&str`

error[E0308]: mismatched types
   --> src/rules/covid19/overrides.rs:157:73
    |
156 | ...   dose.cvx.0,
    |       ---------- this expression has type `u16`
157 | ...   "207" | "208" | "211" | "212" | "217" | "218" | "219" | "221" | "228" | "229" | "272" | "300" | "301" | "302" | "502" | "519"
    |                                                               ^^^^^ expected `u16`, found `&str`

error[E0308]: mismatched types
   --> src/rules/covid19/overrides.rs:157:81
    |
156 | ...   dose.cvx.0,
    |       ---------- this expression has type `u16`
157 | ...   "207" | "208" | "211" | "212" | "217" | "218" | "219" | "221" | "228" | "229" | "272" | "300" | "301" | "302" | "502" | "519"
    |                                                                       ^^^^^ expected `u16`, found `&str`

error[E0308]: mismatched types
   --> src/rules/covid19/overrides.rs:157:89
    |
156 | ...   dose.cvx.0,
    |       ---------- this expression has type `u16`
157 | ...   "207" | "208" | "211" | "212" | "217" | "218" | "219" | "221" | "228" | "229" | "272" | "300" | "301" | "302" | "502" | "519"
    |                                                                               ^^^^^ expected `u16`, found `&str`

error[E0308]: mismatched types
   --> src/rules/covid19/overrides.rs:157:97
    |
156 | ...   dose.cvx.0,
    |       ---------- this expression has type `u16`
157 | ...   "207" | "208" | "211" | "212" | "217" | "218" | "219" | "221" | "228" | "229" | "272" | "300" | "301" | "302" | "502" | "519"
    |                                                                                       ^^^^^ expected `u16`, found `&str`

error[E0308]: mismatched types
   --> src/rules/covid19/overrides.rs:157:105
    |
156 | ...   dose.cvx.0,
    |       ---------- this expression has type `u16`
157 | ...   "207" | "208" | "211" | "212" | "217" | "218" | "219" | "221" | "228" | "229" | "272" | "300" | "301" | "302" | "502" | "519"
    |                                                                                               ^^^^^ expected `u16`, found `&str`

error[E0308]: mismatched types
   --> src/rules/covid19/overrides.rs:157:113
    |
156 | ...           dose.cvx.0,
    |               ---------- this expression has type `u16`
157 | ...           "207" | "208" | "211" | "212" | "217" | "218" | "219" | "221" | "228" | "229" | "272" | "300" | "301" | "302" | "502"...
    |                                                                                                               ^^^^^ expected `u16`, found `&str`

error[E0308]: mismatched types
   --> src/rules/covid19/overrides.rs:157:121
    |
156 | ...       dose.cvx.0,
    |           ---------- this expression has type `u16`
157 | ...       "207" | "208" | "211" | "212" | "217" | "218" | "219" | "221" | "228" | "229" | "272" | "300" | "301" | "302" | "502" | "...
    |                                                                                                                   ^^^^^ expected `u16`, found `&str`

error[E0308]: mismatched types
   --> src/rules/covid19/overrides.rs:157:129
    |
156 | ...     dose.cvx.0,
    |         ---------- this expression has type `u16`
157 | ...     "207" | "208" | "211" | "212" | "217" | "218" | "219" | "221" | "228" | "229" | "272" | "300" | "301" | "302" | "502" | "519"
    |                                                                                                                         ^^^^^ expected `u16`, found `&str`

error[E0308]: mismatched types
   --> src/rules/covid19/overrides.rs:157:137
    |
156 | ...   dose.cvx.0,
    |       ---------- this expression has type `u16`
157 | ...   "207" | "208" | "211" | "212" | "217" | "218" | "219" | "221" | "228" | "229" | "272" | "300" | "301" | "302" | "502" | "519"
    |                                                                                                                               ^^^^^ expected `u16`, found `&str`

error[E0308]: mismatched types
   --> src/rules/covid19/overrides.rs:209:59
    |
209 |                     let is_novavax = matches!(dose.cvx.0, "211" | "313");
    |                                               ----------  ^^^^^ expected `u16`, found `&str`
    |                                               |
    |                                               this expression has type `u16`

error[E0308]: mismatched types
   --> src/rules/covid19/overrides.rs:209:67
    |
209 |                     let is_novavax = matches!(dose.cvx.0, "211" | "313");
    |                                               ----------          ^^^^^ expected `u16`, found `&str`
    |                                               |
    |                                               this expression has type `u16`

error[E0308]: mismatched types
   --> src/rules/covid19/overrides.rs:251:65
    |
251 |                         let is_pediatric = matches!(dose.cvx.0, "219" | "228" | "272" | "302" | "308" | "311");
    |                                                     ----------  ^^^^^ expected `u16`, found `&str`
    |                                                     |
    |                                                     this expression has type `u16`

error[E0308]: mismatched types
   --> src/rules/covid19/overrides.rs:251:73
    |
251 |                         let is_pediatric = matches!(dose.cvx.0, "219" | "228" | "272" | "302" | "308" | "311");
    |                                                     ----------          ^^^^^ expected `u16`, found `&str`
    |                                                     |
    |                                                     this expression has type `u16`

error[E0308]: mismatched types
   --> src/rules/covid19/overrides.rs:251:81
    |
251 |                         let is_pediatric = matches!(dose.cvx.0, "219" | "228" | "272" | "302" | "308" | "311");
    |                                                     ----------                  ^^^^^ expected `u16`, found `&str`
    |                                                     |
    |                                                     this expression has type `u16`

error[E0308]: mismatched types
   --> src/rules/covid19/overrides.rs:251:89
    |
251 |                         let is_pediatric = matches!(dose.cvx.0, "219" | "228" | "272" | "302" | "308" | "311");
    |                                                     ----------                          ^^^^^ expected `u16`, found `&str`
    |                                                     |
    |                                                     this expression has type `u16`

error[E0308]: mismatched types
   --> src/rules/covid19/overrides.rs:251:97
    |
251 |                         let is_pediatric = matches!(dose.cvx.0, "219" | "228" | "272" | "302" | "308" | "311");
    |                                                     ---------- this expression has type `u16`   ^^^^^ expected `u16`, found `&str`

error[E0308]: mismatched types
   --> src/rules/covid19/overrides.rs:251:105
    |
251 |                         let is_pediatric = matches!(dose.cvx.0, "219" | "228" | "272" | "302" | "308" | "311");
    |                                                     ---------- this expression has type `u16`           ^^^^^ expected `u16`, found `&str`

error[E0308]: mismatched types
   --> src/rules/covid19/overrides.rs:270:25
    |
267 |                     let mut min_interval_days = get_min_interval_days(
    |                                                 --------------------- arguments to this function are incorrect
...
270 |                         &dose.cvx,
    |                         ^^^^^^^^^ expected `Cvx`, found `&Cvx`
    |
note: function defined here
   --> src/rules/covid19/overrides.rs:53:4
    |
 53 | fn get_min_interval_days(
    |    ^^^^^^^^^^^^^^^^^^^^^
...
 56 |     current_dose_cvx: Cvx,
    |     ---------------------
help: consider removing the borrow
    |
270 -                         &dose.cvx,
270 +                         dose.cvx,
    |

error[E0308]: mismatched types
   --> src/rules/covid19/overrides.rs:306:53
    |
306 |             let is_pediatric = matches!(dose.cvx.0, "219" | "228" | "272" | "302" | "308" | "311");
    |                                         ----------  ^^^^^ expected `u16`, found `&str`
    |                                         |
    |                                         this expression has type `u16`

error[E0308]: mismatched types
   --> src/rules/covid19/overrides.rs:306:61
    |
306 |             let is_pediatric = matches!(dose.cvx.0, "219" | "228" | "272" | "302" | "308" | "311");
    |                                         ----------          ^^^^^ expected `u16`, found `&str`
    |                                         |
    |                                         this expression has type `u16`

error[E0308]: mismatched types
   --> src/rules/covid19/overrides.rs:306:69
    |
306 |             let is_pediatric = matches!(dose.cvx.0, "219" | "228" | "272" | "302" | "308" | "311");
    |                                         ----------                  ^^^^^ expected `u16`, found `&str`
    |                                         |
    |                                         this expression has type `u16`

error[E0308]: mismatched types
   --> src/rules/covid19/overrides.rs:306:77
    |
306 |             let is_pediatric = matches!(dose.cvx.0, "219" | "228" | "272" | "302" | "308" | "311");
    |                                         ----------                          ^^^^^ expected `u16`, found `&str`
    |                                         |
    |                                         this expression has type `u16`

error[E0308]: mismatched types
   --> src/rules/covid19/overrides.rs:306:85
    |
306 |             let is_pediatric = matches!(dose.cvx.0, "219" | "228" | "272" | "302" | "308" | "311");
    |                                         ---------- this expression has type `u16`   ^^^^^ expected `u16`, found `&str`

error[E0308]: mismatched types
   --> src/rules/covid19/overrides.rs:306:93
    |
306 |             let is_pediatric = matches!(dose.cvx.0, "219" | "228" | "272" | "302" | "308" | "311");
    |                                         ---------- this expression has type `u16`           ^^^^^ expected `u16`, found `&str`

error[E0308]: mismatched types
   --> src/rules/covid19/overrides.rs:334:29
    |
333 | ...                   d.cvx.0,
    |                       ------- this expression has type `u16`
334 | ...                   "213" | "308" | "309" | "310" | "311" | "312" | "313"
    |                       ^^^^^ expected `u16`, found `&str`

error[E0308]: mismatched types
   --> src/rules/covid19/overrides.rs:334:37
    |
333 | ...                   d.cvx.0,
    |                       ------- this expression has type `u16`
334 | ...                   "213" | "308" | "309" | "310" | "311" | "312" | "313"
    |                               ^^^^^ expected `u16`, found `&str`

error[E0308]: mismatched types
   --> src/rules/covid19/overrides.rs:334:45
    |
333 | ...                   d.cvx.0,
    |                       ------- this expression has type `u16`
334 | ...                   "213" | "308" | "309" | "310" | "311" | "312" | "313"
    |                                       ^^^^^ expected `u16`, found `&str`

error[E0308]: mismatched types
   --> src/rules/covid19/overrides.rs:334:53
    |
333 | ...                   d.cvx.0,
    |                       ------- this expression has type `u16`
334 | ...                   "213" | "308" | "309" | "310" | "311" | "312" | "313"
    |                                               ^^^^^ expected `u16`, found `&str`

error[E0308]: mismatched types
   --> src/rules/covid19/overrides.rs:334:61
    |
333 | ...                   d.cvx.0,
    |                       ------- this expression has type `u16`
334 | ...                   "213" | "308" | "309" | "310" | "311" | "312" | "313"
    |                                                       ^^^^^ expected `u16`, found `&str`

error[E0308]: mismatched types
   --> src/rules/covid19/overrides.rs:334:69
    |
333 | ...                   d.cvx.0,
    |                       ------- this expression has type `u16`
334 | ...                   "213" | "308" | "309" | "310" | "311" | "312" | "313"
    |                                                               ^^^^^ expected `u16`, found `&str`

error[E0308]: mismatched types
   --> src/rules/covid19/overrides.rs:334:77
    |
333 | ...                   d.cvx.0,
    |                       ------- this expression has type `u16`
334 | ...                   "213" | "308" | "309" | "310" | "311" | "312" | "313"
    |                                                                       ^^^^^ expected `u16`, found `&str`

error[E0308]: mismatched types
   --> src/rules/covid19/overrides.rs:356:29
    |
355 | ...                   d.cvx.0,
    |                       ------- this expression has type `u16`
356 | ...                   "213" | "308" | "309" | "310" | "311" | "312" | "313"
    |                       ^^^^^ expected `u16`, found `&str`

error[E0308]: mismatched types
   --> src/rules/covid19/overrides.rs:356:37
    |
355 | ...                   d.cvx.0,
    |                       ------- this expression has type `u16`
356 | ...                   "213" | "308" | "309" | "310" | "311" | "312" | "313"
    |                               ^^^^^ expected `u16`, found `&str`

error[E0308]: mismatched types
   --> src/rules/covid19/overrides.rs:356:45
    |
355 | ...                   d.cvx.0,
    |                       ------- this expression has type `u16`
356 | ...                   "213" | "308" | "309" | "310" | "311" | "312" | "313"
    |                                       ^^^^^ expected `u16`, found `&str`

error[E0308]: mismatched types
   --> src/rules/covid19/overrides.rs:356:53
    |
355 | ...                   d.cvx.0,
    |                       ------- this expression has type `u16`
356 | ...                   "213" | "308" | "309" | "310" | "311" | "312" | "313"
    |                                               ^^^^^ expected `u16`, found `&str`

error[E0308]: mismatched types
   --> src/rules/covid19/overrides.rs:356:61
    |
355 | ...                   d.cvx.0,
    |                       ------- this expression has type `u16`
356 | ...                   "213" | "308" | "309" | "310" | "311" | "312" | "313"
    |                                                       ^^^^^ expected `u16`, found `&str`

error[E0308]: mismatched types
   --> src/rules/covid19/overrides.rs:356:69
    |
355 | ...                   d.cvx.0,
    |                       ------- this expression has type `u16`
356 | ...                   "213" | "308" | "309" | "310" | "311" | "312" | "313"
    |                                                               ^^^^^ expected `u16`, found `&str`

error[E0308]: mismatched types
   --> src/rules/covid19/overrides.rs:356:77
    |
355 | ...                   d.cvx.0,
    |                       ------- this expression has type `u16`
356 | ...                   "213" | "308" | "309" | "310" | "311" | "312" | "313"
    |                                                                       ^^^^^ expected `u16`, found `&str`

error[E0308]: mismatched types
   --> src/rules/covid19/overrides.rs:456:21
    |
455 |                     d.cvx.0,
    |                     ------- this expression has type `u16`
456 |                     "213" | "308" | "309" | "310" | "311" | "312" | "313"
    |                     ^^^^^ expected `u16`, found `&str`

error[E0308]: mismatched types
   --> src/rules/covid19/overrides.rs:456:29
    |
455 |                     d.cvx.0,
    |                     ------- this expression has type `u16`
456 |                     "213" | "308" | "309" | "310" | "311" | "312" | "313"
    |                             ^^^^^ expected `u16`, found `&str`

error[E0308]: mismatched types
   --> src/rules/covid19/overrides.rs:456:37
    |
455 |                     d.cvx.0,
    |                     ------- this expression has type `u16`
456 |                     "213" | "308" | "309" | "310" | "311" | "312" | "313"
    |                                     ^^^^^ expected `u16`, found `&str`

error[E0308]: mismatched types
   --> src/rules/covid19/overrides.rs:456:45
    |
455 |                     d.cvx.0,
    |                     ------- this expression has type `u16`
456 |                     "213" | "308" | "309" | "310" | "311" | "312" | "313"
    |                                             ^^^^^ expected `u16`, found `&str`

error[E0308]: mismatched types
   --> src/rules/covid19/overrides.rs:456:53
    |
455 |                     d.cvx.0,
    |                     ------- this expression has type `u16`
456 |                     "213" | "308" | "309" | "310" | "311" | "312" | "313"
    |                                                     ^^^^^ expected `u16`, found `&str`

error[E0308]: mismatched types
   --> src/rules/covid19/overrides.rs:456:61
    |
455 |                     d.cvx.0,
    |                     ------- this expression has type `u16`
456 |                     "213" | "308" | "309" | "310" | "311" | "312" | "313"
    |                                                             ^^^^^ expected `u16`, found `&str`

error[E0308]: mismatched types
   --> src/rules/covid19/overrides.rs:456:69
    |
455 |                     d.cvx.0,
    |                     ------- this expression has type `u16`
456 |                     "213" | "308" | "309" | "310" | "311" | "312" | "313"
    |                                                                     ^^^^^ expected `u16`, found `&str`

error[E0308]: mismatched types
   --> src/rules/covid19/overrides.rs:529:29
    |
528 | ...                   last_dose.cvx.0,
    |                       --------------- this expression has type `u16`
529 | ...                   "208" | "217" | "218" | "219" | "300" | "301" | "302" | "308" | "309" | "310" | "211" | "313" | "213"
    |                       ^^^^^ expected `u16`, found `&str`

error[E0308]: mismatched types
   --> src/rules/covid19/overrides.rs:529:37
    |
528 | ...                   last_dose.cvx.0,
    |                       --------------- this expression has type `u16`
529 | ...                   "208" | "217" | "218" | "219" | "300" | "301" | "302" | "308" | "309" | "310" | "211" | "313" | "213"
    |                               ^^^^^ expected `u16`, found `&str`

error[E0308]: mismatched types
   --> src/rules/covid19/overrides.rs:529:45
    |
528 | ...                   last_dose.cvx.0,
    |                       --------------- this expression has type `u16`
529 | ...                   "208" | "217" | "218" | "219" | "300" | "301" | "302" | "308" | "309" | "310" | "211" | "313" | "213"
    |                                       ^^^^^ expected `u16`, found `&str`

error[E0308]: mismatched types
   --> src/rules/covid19/overrides.rs:529:53
    |
528 | ...                   last_dose.cvx.0,
    |                       --------------- this expression has type `u16`
529 | ...                   "208" | "217" | "218" | "219" | "300" | "301" | "302" | "308" | "309" | "310" | "211" | "313" | "213"
    |                                               ^^^^^ expected `u16`, found `&str`

error[E0308]: mismatched types
   --> src/rules/covid19/overrides.rs:529:61
    |
528 | ...                   last_dose.cvx.0,
    |                       --------------- this expression has type `u16`
529 | ...                   "208" | "217" | "218" | "219" | "300" | "301" | "302" | "308" | "309" | "310" | "211" | "313" | "213"
    |                                                       ^^^^^ expected `u16`, found `&str`

error[E0308]: mismatched types
   --> src/rules/covid19/overrides.rs:529:69
    |
528 | ...                   last_dose.cvx.0,
    |                       --------------- this expression has type `u16`
529 | ...                   "208" | "217" | "218" | "219" | "300" | "301" | "302" | "308" | "309" | "310" | "211" | "313" | "213"
    |                                                               ^^^^^ expected `u16`, found `&str`

error[E0308]: mismatched types
   --> src/rules/covid19/overrides.rs:529:77
    |
528 | ...                   last_dose.cvx.0,
    |                       --------------- this expression has type `u16`
529 | ...                   "208" | "217" | "218" | "219" | "300" | "301" | "302" | "308" | "309" | "310" | "211" | "313" | "213"
    |                                                                       ^^^^^ expected `u16`, found `&str`

error[E0308]: mismatched types
   --> src/rules/covid19/overrides.rs:529:85
    |
528 | ...                   last_dose.cvx.0,
    |                       --------------- this expression has type `u16`
529 | ...                   "208" | "217" | "218" | "219" | "300" | "301" | "302" | "308" | "309" | "310" | "211" | "313" | "213"
    |                                                                               ^^^^^ expected `u16`, found `&str`

error[E0308]: mismatched types
   --> src/rules/covid19/overrides.rs:529:93
    |
528 | ...                   last_dose.cvx.0,
    |                       --------------- this expression has type `u16`
529 | ...                   "208" | "217" | "218" | "219" | "300" | "301" | "302" | "308" | "309" | "310" | "211" | "313" | "213"
    |                                                                                       ^^^^^ expected `u16`, found `&str`

error[E0308]: mismatched types
   --> src/rules/covid19/overrides.rs:529:101
    |
528 | ...                   last_dose.cvx.0,
    |                       --------------- this expression has type `u16`
529 | ...                   "208" | "217" | "218" | "219" | "300" | "301" | "302" | "308" | "309" | "310" | "211" | "313" | "213"
    |                                                                                               ^^^^^ expected `u16`, found `&str`

error[E0308]: mismatched types
   --> src/rules/covid19/overrides.rs:529:109
    |
528 | ...                   last_dose.cvx.0,
    |                       --------------- this expression has type `u16`
529 | ...                   "208" | "217" | "218" | "219" | "300" | "301" | "302" | "308" | "309" | "310" | "211" | "313" | "213"
    |                                                                                                       ^^^^^ expected `u16`, found `&str`

error[E0308]: mismatched types
   --> src/rules/covid19/overrides.rs:529:117
    |
528 | ...                   last_dose.cvx.0,
    |                       --------------- this expression has type `u16`
529 | ...                   "208" | "217" | "218" | "219" | "300" | "301" | "302" | "308" | "309" | "310" | "211" | "313" | "213"
    |                                                                                                               ^^^^^ expected `u16`, found `&str`

error[E0308]: mismatched types
   --> src/rules/covid19/overrides.rs:529:125
    |
528 | ...                   last_dose.cvx.0,
    |                       --------------- this expression has type `u16`
529 | ...                   "208" | "217" | "218" | "219" | "300" | "301" | "302" | "308" | "309" | "310" | "211" | "313" | "213"
    |                                                                                                                       ^^^^^ expected `u16`, found `&str`

warning: unused variable: `satisfied_count`
   --> src/engine.rs:497:9
    |
497 |         satisfied_count: usize,
    |         ^^^^^^^^^^^^^^^ help: if this is intentional, prefix it with an underscore: `_satisfied_count`
    |
    = note: `#[warn(unused_variables)]` (part of `#[warn(unused)]`) on by default

warning: value assigned to `use_1_dose` is never read
   --> src/rules/influenza/overrides.rs:419:26
    |
419 |     let mut use_1_dose = false;
    |                          ^^^^^
    |
    = help: maybe it is overwritten before being read?
    = note: `#[warn(unused_assignments)]` (part of `#[warn(unused)]`) on by default

Some errors have detailed explanations: E0277, E0308, E0599, E0609.
For more information about an error, try `rustc --explain E0277`.
warning: `ice-rust-forecaster-poc` (lib) generated 13 warnings
error: could not compile `ice-rust-forecaster-poc` (lib) due to 261 previous errors; 13 warnings emitted
